airfoil,Re,t_c,clmax,alpha_clmax,conf_at_clmax,cm_at_clmax,cl0,cm0,ld_max,cl_at_ldmax,cl32_cd_max,cl_at_cl32cd_max,cd_at_cl10,cd_at_cl15,cm_at_cl10,cm_at_cl15,alpha_at_cl15,clmax_ncrit5_Re350k,ld_max_ncrit5_Re350k
s1223,2e+05,0.12136,2.2471,12,0.96644,-0.21508,1.2136,-0.27763,72.079,1.7169,97.403,2.1531,0.019201,0.021484,-0.27166,-0.28009,2.3715,2.1613,90.354
s1223,2.5e+05,0.12136,2.2449,12.25,0.97261,-0.21022,1.2065,-0.27658,78.481,1.7111,106.83,2.0916,0.017925,0.019811,-0.27032,-0.27777,2.4501,2.1613,90.354
s1223,3.5e+05,0.12136,2.2464,12.5,0.97668,-0.20719,1.2031,-0.27598,87.971,1.7285,119.61,2.0338,0.016283,0.017746,-0.26929,-0.27497,2.5463,2.1613,90.354
s1223,4.5e+05,0.12136,2.2546,12.5,0.97764,-0.2092,1.2063,-0.27644,95.35,1.7499,129.43,1.9817,0.015123,0.016442,-0.27034,-0.27417,2.5796,2.1613,90.354
s1223rtl,2e+05,0.13503,2.2466,13,0.95546,-0.19632,1.1551,-0.25625,59.464,1.6787,79.373,1.9845,0.01951,0.025258,-0.24973,-0.25472,3.0073,2.2705,77.122
s1223rtl,2.5e+05,0.13503,2.3259,15,0.95695,-0.1757,1.1472,-0.25489,65.518,1.7212,89.848,2.0634,0.018078,0.023125,-0.2497,-0.25289,3.072,2.2705,77.122
s1223rtl,3.5e+05,0.13503,2.3526,16.25,0.96989,-0.16311,1.1423,-0.25408,75.163,1.733,103.84,2.068,0.01637,0.020349,-0.25058,-0.25017,3.1988,2.2705,77.122
s1223rtl,4.5e+05,0.13503,2.3634,16.5,0.97604,-0.16254,1.1463,-0.25491,82.285,1.746,112.86,2.0147,0.015309,0.018615,-0.25203,-0.24896,3.2795,2.2705,77.122
e423,2e+05,0.1252,2.0312,11.75,0.94645,-0.18301,1.1275,-0.24558,78.663,1.5944,103.7,1.9104,0.018464,0.019993,-0.24587,-0.23895,3.7579,1.9351,105.76
e423,2.5e+05,0.1252,2.0376,12,0.96162,-0.17801,1.134,-0.24518,91.731,1.6069,120.52,1.8679,0.016307,0.017365,-0.24542,-0.23918,3.6532,1.9351,105.76
e423,3.5e+05,0.1252,2.0386,12.75,0.95983,-0.16945,1.1251,-0.24191,109.62,1.6027,142.34,1.78,0.013726,0.014632,-0.24276,-0.23608,3.7074,1.9351,105.76
e423,4.5e+05,0.1252,2.0418,13,0.95167,-0.16842,1.1129,-0.23871,121.13,1.613,155.47,1.7229,0.012234,0.013207,-0.23985,-0.23248,3.8346,1.9351,105.76
fx74cl5140,2e+05,0.14044,1.8904,8.25,0.76745,-0.22556,1.1794,-0.23899,61.502,1.4562,74.981,1.5411,0.026017,0.024535,-0.23583,-0.24152,3.1387,2.2138,97.927
fx74cl5140,2.5e+05,0.14044,2.2133,12,0.73712,-0.21483,1.192,-0.23984,73.21,1.5387,92.415,1.7052,0.023443,0.020528,-0.2371,-0.24523,2.9094,2.2138,97.927
fx74cl5140,3.5e+05,0.14044,2.3212,12.25,0.94648,-0.22083,1.1967,-0.24,89.348,1.6729,122.8,2.2846,0.019711,0.017306,-0.2382,-0.24793,2.6745,2.2138,97.927
fx74cl5140,4.5e+05,0.14044,2.3196,12,0.96717,-0.22228,1.1981,-0.24059,101.42,1.8125,144.65,2.2147,0.017052,0.015522,-0.23895,-0.24875,2.588,2.2138,97.927
ch10sm,2e+05,0.12835,2.0628,11.75,0.90996,-0.22064,1.1998,-0.27656,75.25,1.8205,102.81,1.8974,0.021945,0.021276,-0.27363,-0.27758,2.8716,1.9871,113.28
ch10sm,2.5e+05,0.12835,2.0863,11.25,0.96013,-0.22909,1.2423,-0.2844,94.476,1.8021,129.29,1.9289,0.018168,0.016546,-0.28051,-0.28578,2.4186,1.9871,113.28
ch10sm,3.5e+05,0.12835,2.0811,11.25,0.97333,-0.22782,1.2586,-0.28693,115.77,1.6739,154.57,1.8578,0.014737,0.013156,-0.2825,-0.28828,2.2391,1.9871,113.28
ch10sm,4.5e+05,0.12835,2.0766,11.25,0.97347,-0.22777,1.264,-0.28714,130.87,1.5778,171.33,1.7929,0.012958,0.011644,-0.28256,-0.28878,2.164,1.9871,113.28
s1210,2e+05,0.11996,1.9119,13.25,0.96167,-0.15866,1.073,-0.24963,83.513,1.8012,112.59,1.8352,0.014761,0.018877,-0.25062,-0.24506,3.8791,1.9562,103.6
s1210,2.5e+05,0.11996,1.9268,13,0.96637,-0.16275,1.0749,-0.2496,91.515,1.7641,122.72,1.8221,0.013599,0.01725,-0.25059,-0.24556,3.8405,1.9562,103.6
s1210,3.5e+05,0.11996,1.9707,13.25,0.96903,-0.16545,1.079,-0.24982,104.5,1.726,138.86,1.792,0.012222,0.015097,-0.25081,-0.24639,3.7968,1.9562,103.6
s1210,4.5e+05,0.11996,2.0118,13.5,0.96948,-0.16696,1.085,-0.25065,114.57,1.7136,151.35,1.7801,0.01134,0.013717,-0.2517,-0.24738,3.7579,1.9562,103.6
sd7062,2e+05,0.13977,1.5821,14.5,0.98656,-0.040034,0.43304,-0.079393,69.53,1.1151,78.816,1.3642,0.014507,0.025036,-0.077992,-0.056801,11.077,1.5825,85.457
sd7062,2.5e+05,0.13977,1.5859,14.5,0.98862,-0.042082,0.44211,-0.081436,75.966,1.1393,85.927,1.3419,0.013275,0.023587,-0.077736,-0.055909,11.159,1.5825,85.457
sd7062,3.5e+05,0.13977,1.6114,14.5,0.98924,-0.044356,0.44812,-0.08307,86.204,1.1917,97.416,1.3279,0.011722,0.020575,-0.078027,-0.059054,10.932,1.5825,85.457
sd7062,4.5e+05,0.13977,1.6378,14.75,0.98815,-0.04495,0.45163,-0.083881,94.447,1.1987,106.83,1.3384,0.010734,0.018329,-0.078754,-0.062954,10.656,1.5825,85.457
