local,tmpf,dwpf,alti,sknt,drct,DA_ft
2021-03-01 09:50:00-05:00,75.2,68,30.13,8,190,1298.1
2021-03-01 10:50:00-05:00,80.6,68,30.13,13,210,1637.8
2021-03-01 11:50:00-05:00,80.6,66.2,30.11,8,230,1642.6
2021-03-01 12:50:00-05:00,84.2,66.2,30.08,8,240,1900.6
2021-03-01 13:50:00-05:00,86,66.2,30.05,10,250,2045.8
2021-03-01 14:50:00-05:00,84.2,68,30.03,9,270,1975
2021-03-01 15:50:00-05:00,84.2,68,30.02,14,260,1986.4
2021-03-01 16:50:00-05:00,82.4,66.2,30.03,12,280,1845.4
2021-03-02 09:50:00-05:00,75.2,69.8,30.1,0,0,1351.1
2021-03-02 10:50:00-05:00,77,66.2,30.09,4,270,1439.3
2021-03-02 11:50:00-05:00,82.4,66.2,30.08,6,260,1788.8
2021-03-02 12:50:00-05:00,82.4,66.2,30.04,8,210,1834.1
2021-03-02 13:50:00-05:00,82.4,64.4,30.01,8,260,1851.1
2021-03-02 14:50:00-05:00,82.4,64.4,29.99,10,270,1873.7
2021-03-02 15:50:00-05:00,82.4,64.4,29.98,10,260,1885.1
2021-03-02 16:50:00-05:00,82.4,64.4,29.98,10,260,1885.1
2021-03-03 09:50:00-05:00,68,60.8,29.96,16,290,965.72
2021-03-03 10:50:00-05:00,68,60.8,29.97,14,290,954.31
2021-03-03 11:50:00-05:00,69.8,57.2,29.96,13,310,1053.1
2021-03-03 12:50:00-05:00,71.6,55.4,29.95,13,310,1166.7
2021-03-03 13:50:00-05:00,71.6,53.6,29.93,12,260,1177.3
2021-03-03 14:50:00-05:00,71.6,53.6,29.93,10,290,1177.3
2021-03-03 15:50:00-05:00,69.8,53.6,29.94,10,270,1050.9
2021-03-03 16:50:00-05:00,68,51.8,29.95,10,260,912.45
2021-03-04 09:50:00-05:00,57.2,51.8,30.07,5,360,71.594
2021-03-04 10:50:00-05:00,62.6,50,30.07,7,340,415.21
2021-03-04 11:50:00-05:00,66.2,51.8,30.05,6,310,682.55
2021-03-04 12:50:00-05:00,68,51.8,30.02,9,310,832.79
2021-03-04 13:50:00-05:00,71.6,50,29.99,9,360,1086.8
2021-03-04 14:50:00-05:00,71.6,50,29.99,0,0,1086.8
2021-03-04 15:47:00-05:00,73.4,46.4,29.97,7,340,1204.4
2021-03-04 16:53:00-05:00,75.2,44.6,29.95,6,330,1332.2
2021-03-05 09:50:00-05:00,66.2,42.8,30.04,4,20,645.75
2021-03-05 10:50:00-05:00,69.8,41,30.05,8,40,858.26
2021-03-05 11:50:00-05:00,71.6,37.4,30.04,8,80,970.24
2021-03-05 12:50:00-05:00,73.4,37.4,30.02,6,20,1107.6
2021-03-05 13:50:00-05:00,87.8,35.6,29.98,3,360,2046.9
2021-03-05 14:47:00-05:00,75.2,33.8,29.97,0,0,1265.6
2021-03-05 15:48:00-05:00,75.2,35.6,29.96,3,100,1283.2
2021-03-05 16:52:00-05:00,75.2,37.4,29.96,4,160,1289.8
2021-03-06 09:45:00-05:00,62.6,53.6,30.02,7,40,494.48
2021-03-06 10:50:00-05:00,64.4,53.6,30.02,5,60,611.56
2021-03-06 11:45:00-05:00,62.6,57.2,30.04,0,0,496.76
2021-03-06 12:45:00-05:00,64.4,57.2,30.02,0,0,636.63
2021-03-06 13:50:00-05:00,66.2,57.2,29.98,0,0,798.78
2021-03-06 14:50:00-05:00,66.2,57.2,29.97,0,0,810.18
2021-03-06 15:48:00-05:00,68,55.4,29.94,6,150,947.51
2021-03-06 16:48:00-05:00,68,55.4,29.94,6,150,947.51
2021-03-07 09:50:00-05:00,59,42.8,30.22,14,10,-28.556
2021-03-07 10:50:00-05:00,62.6,42.8,30.24,14,10,184.94
2021-03-07 11:45:00-05:00,64.4,42.8,30.24,10,10,302.27
2021-03-07 12:50:00-05:00,66.2,41,30.23,14,10,422.45
2021-03-07 13:50:00-05:00,66.2,41,30.21,14,30,445.06
2021-03-07 14:50:00-05:00,68,42.8,30.2,12,50,580.66
2021-03-07 15:50:00-05:00,68,41,30.2,12,20,572.69
2021-03-07 16:50:00-05:00,66.2,37.4,30.21,13,20,430.53
2021-03-08 09:50:00-05:00,60.8,39.2,30.48,12,30,-219.41
2021-03-08 10:50:00-05:00,64.4,41,30.48,10,60,23.675
2021-03-08 11:50:00-05:00,66.2,42.8,30.48,17,70,148.66
2021-03-08 12:50:00-05:00,66.2,42.8,30.46,14,90,171.13
2021-03-08 13:50:00-05:00,69.8,44.6,30.43,15,50,445.83
2021-03-08 14:50:00-05:00,69.8,44.6,30.42,13,60,457.06
2021-03-08 15:50:00-05:00,69.8,44.6,30.42,14,50,457.06
2021-03-08 16:50:00-05:00,69.8,44.6,30.41,11,80,468.3
2021-03-09 09:50:00-05:00,66.2,48.2,30.51,11,40,141.8
2021-03-09 10:50:00-05:00,69.8,48.2,30.51,10,70,374.45
2021-03-09 11:50:00-05:00,71.6,48.2,30.49,13,90,512.46
2021-03-09 12:50:00-05:00,71.6,48.2,30.46,10,90,546.11
2021-03-09 13:50:00-05:00,73.4,48.2,30.43,13,80,694.82
2021-03-09 14:50:00-05:00,73.4,48.2,30.41,12,70,717.27
2021-03-09 15:50:00-05:00,73.4,46.4,30.39,12,90,730.24
2021-03-09 16:50:00-05:00,73.4,44.6,30.39,12,90,721.3
2021-03-10 09:50:00-05:00,69.8,50,30.44,10,70,463.1
2021-03-10 10:50:00-05:00,71.6,48.2,30.44,11,110,568.56
2021-03-10 11:50:00-05:00,73.4,48.2,30.42,13,90,706.04
2021-03-10 12:50:00-05:00,75.2,48.2,30.4,11,100,843.03
2021-03-10 13:50:00-05:00,77,48.2,30.36,10,90,1002
2021-03-10 14:45:00-05:00,75.2,50,30.34,14,80,920.48
2021-03-10 15:50:00-05:00,75.2,50,30.32,12,90,942.96
2021-03-10 16:50:00-05:00,73.4,50,30.33,12,90,817.25
2021-03-11 09:50:00-05:00,71.6,55.4,30.39,12,90,668.86
2021-03-11 10:50:00-05:00,73.4,55.4,30.39,12,80,783.83
2021-03-11 11:50:00-05:00,75.2,55.4,30.38,11,120,909.55
2021-03-11 12:50:00-05:00,78.8,55.4,30.34,10,90,1182
2021-03-11 13:50:00-05:00,78.8,53.6,30.32,12,90,1192.5
2021-03-11 14:50:00-05:00,78.8,53.6,30.3,12,90,1214.9
2021-03-11 15:52:00-05:00,80.6,53.6,30.29,11,90,1339.2
2021-03-11 16:53:00-05:00,78.8,51.8,30.28,11,80,1226.1
2021-03-12 09:50:00-05:00,71.6,57.2,30.38,6,90,692.85
2021-03-12 10:50:00-05:00,71.6,55.4,30.38,8,90,680.11
2021-03-12 11:50:00-05:00,73.4,55.4,30.37,8,90,806.32
2021-03-12 12:50:00-05:00,75.2,55.4,30.34,5,50,954.52
2021-03-12 13:47:00-05:00,78.8,55.4,30.31,7,50,1215.7
2021-03-12 14:47:00-05:00,78.8,55.4,30.29,14,90,1238.2
2021-03-12 15:47:00-05:00,78.8,55.4,30.27,14,90,1260.7
2021-03-12 16:50:00-05:00,80.6,51.8,30.26,12,90,1361.5
2021-03-13 09:45:00-05:00,71.6,55.4,30.3,0,0,770.24
2021-03-13 10:50:00-05:00,73.4,55.4,30.3,6,90,885.12
2021-03-13 11:50:00-05:00,75.2,53.6,30.29,10,70,998.76
2021-03-13 12:50:00-05:00,78.8,53.6,30.26,10,90,1259.9
2021-03-13 13:50:00-05:00,80.6,53.6,30.23,10,80,1406.6
2021-03-13 14:50:00-05:00,80.6,53.6,30.21,8,30,1429.1
2021-03-13 15:50:00-05:00,80.6,53.6,30.2,5,110,1440.4
2021-03-13 16:50:00-05:00,80.6,53.6,30.2,4,,1440.4
2021-03-14 09:50:00-04:00,68,60.8,30.2,5,180,692.86
2021-03-14 10:50:00-04:00,71.6,59,30.21,8,170,898.19
2021-03-14 11:45:00-04:00,75.2,57.2,30.21,7,200,1113.8
2021-03-14 12:45:00-04:00,77,57.2,30.2,3,190,1238.9
2021-03-14 13:50:00-04:00,78.8,57.2,30.16,6,140,1397.4
2021-03-14 14:50:00-04:00,80.6,57.2,30.13,8,170,1544.1
2021-03-14 15:50:00-04:00,80.6,55.4,30.1,0,0,1565.2
2021-03-14 16:50:00-04:00,82.4,53.6,30.09,0,0,1676.7
2021-03-15 09:50:00-04:00,69.8,62.6,30.16,0,0,869.11
2021-03-15 10:50:00-04:00,75.2,60.8,30.18,0,0,1175.5
2021-03-15 11:50:00-04:00,77,60.8,30.19,5,220,1278
2021-03-15 12:50:00-04:00,80.6,59,30.15,7,180,1535
2021-03-15 13:50:00-04:00,80.6,57.2,30.13,4,200,1544.1
2021-03-15 14:50:00-04:00,82.4,57.2,30.12,0,0,1667.7
2021-03-15 15:50:00-04:00,82.4,57.2,30.1,0,0,1690.3
2021-03-15 16:50:00-04:00,82.4,57.2,30.08,4,,1712.9
2021-03-16 10:50:00-04:00,75.2,64.4,30.15,11,200,1240.6
2021-03-16 11:50:00-04:00,78.8,64.4,30.14,9,180,1478.9
2021-03-16 12:50:00-04:00,80.6,62.6,30.12,5,190,1598.3
2021-03-16 13:50:00-04:00,82.4,62.6,30.09,9,190,1744.5
2021-03-16 14:50:00-04:00,82.4,59,30.06,11,190,1749
2021-03-16 15:50:00-04:00,84.2,60.8,30.04,10,230,1897.7
2021-03-16 16:50:00-04:00,84.2,60.8,30.03,10,230,1909
2021-03-17 09:50:00-04:00,71.6,64.4,30.11,10,180,1057.1
2021-03-17 10:50:00-04:00,75.2,62.6,30.1,17,190,1281.2
2021-03-17 11:50:00-04:00,78.8,62.6,30.09,15,180,1519.5
2021-03-17 12:50:00-04:00,80.6,62.6,30.07,15,180,1654.9
2021-03-17 13:50:00-04:00,80.6,62.6,30.07,13,180,1654.9
2021-03-17 14:53:00-04:00,84.2,60.8,30.01,17,200,1931.6
2021-03-17 15:55:00-04:00,86,60.8,29.98,10,210,2076.9
2021-03-17 16:45:00-04:00,86,60.8,29.97,15,200,2088.2
2021-03-18 09:50:00-04:00,71.6,68,30.02,10,200,1194.4
2021-03-18 10:50:00-04:00,75.2,68,30.01,11,200,1434.4
2021-03-18 11:50:00-04:00,80.6,68,30.01,13,200,1773.8
2021-03-18 12:50:00-04:00,82.4,64.4,29.98,19,200,1885.1
2021-03-18 13:50:00-04:00,86,64.4,29.97,18,220,2119.4
2021-03-18 14:48:00-04:00,86,64.4,29.95,18,220,2142
2021-03-18 15:55:00-04:00,84.2,64.4,29.93,20,220,2053.5
2021-03-18 16:55:00-04:00,82.4,64.4,29.92,20,230,1953.1
2021-03-19 09:50:00-04:00,64.4,53.6,30.02,12,290,611.56
2021-03-19 10:50:00-04:00,64.4,53.6,30.04,12,290,588.79
2021-03-19 11:50:00-04:00,64.4,51.8,30.05,9,320,565.93
2021-03-19 12:50:00-04:00,68,51.8,30.04,9,290,810.05
2021-03-19 13:48:00-04:00,69.8,50,30.02,8,290,937.6
2021-03-19 14:48:00-04:00,69.8,50,30.02,14,320,937.6
2021-03-19 15:48:00-04:00,69.8,50,30.02,14,320,937.6
2021-03-19 16:55:00-04:00,68,48.2,30.02,14,320,811.78
2021-03-20 09:45:00-04:00,60.8,53.6,30.17,11,10,206.07
2021-03-20 10:48:00-04:00,62.6,55.4,30.18,12,30,324.58
2021-03-20 11:50:00-04:00,64.4,53.6,30.18,11,20,429.68
2021-03-20 12:50:00-04:00,66.2,53.6,30.18,11,20,546.41
2021-03-20 13:50:00-04:00,66.2,53.6,30.15,11,20,580.43
2021-03-20 14:50:00-04:00,66.2,53.6,30.14,14,20,591.78
2021-03-20 15:50:00-04:00,64.4,51.8,30.13,11,20,474.98
2021-03-20 16:48:00-04:00,64.4,51.8,30.13,11,20,474.98
2021-03-21 09:50:00-04:00,53.6,46.4,30.12,6,300,-255.09
2021-03-21 10:50:00-04:00,53.6,46.4,30.13,7,330,-266.49
2021-03-21 11:50:00-04:00,55.4,48.2,30.12,6,290,-125.7
2021-03-21 13:50:00-04:00,60.8,48.2,30.08,6,290,275.96
2021-03-21 14:50:00-04:00,62.6,60.8,30.06,9,290,502.07
2021-03-21 15:50:00-04:00,62.6,50,30.04,8,300,449.36
2021-03-21 16:50:00-04:00,64.4,51.8,30.03,8,290,588.69
2021-03-22 09:50:00-04:00,60.8,55.4,30.03,7,350,377.67
2021-03-22 10:50:00-04:00,60.8,55.4,30.04,8,340,366.26
2021-03-22 11:50:00-04:00,62.6,57.2,30.04,6,350,496.76
2021-03-22 12:50:00-04:00,64.4,57.2,30.03,4,350,625.24
2021-03-22 13:50:00-04:00,64.4,57.2,30.02,7,360,636.63
2021-03-22 14:50:00-04:00,66.2,57.2,30,8,350,775.99
2021-03-22 15:50:00-04:00,66.2,57.2,29.98,11,350,798.78
2021-03-22 16:50:00-04:00,66.2,57.2,29.96,8,350,821.59
2021-03-23 09:50:00-04:00,62.6,55.4,30.06,4,150,461.07
2021-03-23 10:50:00-04:00,64.4,55.4,30.05,0,0,589.57
2021-03-23 11:50:00-04:00,68,53.6,30.05,0,0,810.15
2021-03-23 12:50:00-04:00,71.6,55.4,30.03,5,180,1075.8
2021-03-23 13:50:00-04:00,73.4,51.8,30.02,5,130,1178.2
2021-03-23 14:50:00-04:00,75.2,53.6,29.99,6,130,1337.8
2021-03-23 15:50:00-04:00,77,53.6,29.97,4,,1474.2
2021-03-23 16:50:00-04:00,78.8,51.8,29.94,4,120,1609.9
2021-03-24 09:50:00-04:00,69.8,55.4,30.06,3,150,926.56
2021-03-24 10:50:00-04:00,73.4,55.4,30.08,5,170,1133.7
2021-03-24 11:50:00-04:00,73.4,55.4,30.07,6,150,1145.1
2021-03-24 12:50:00-04:00,77,57.2,30.05,5,140,1408.4
2021-03-24 13:50:00-04:00,78.8,53.6,30.03,6,230,1519.4
2021-03-24 14:50:00-04:00,80.6,53.6,30.02,6,230,1643.5
2021-03-24 15:50:00-04:00,82.4,53.6,30,6,230,1778.4
2021-03-24 16:50:00-04:00,82.4,53.6,30,8,250,1778.4
2021-03-25 09:50:00-04:00,71.6,66.2,30.11,6,160,1074.1
2021-03-25 10:50:00-04:00,75.2,66.2,30.11,10,140,1302.9
2021-03-25 11:50:00-04:00,78.8,64.4,30.11,10,160,1512.9
2021-03-25 12:50:00-04:00,82.4,64.4,30.1,12,170,1749.3
2021-03-25 13:50:00-04:00,86,64.4,30.08,8,190,1995.1
2021-03-25 14:45:00-04:00,86,64.4,30.08,8,190,1995.1
2021-03-25 15:49:00-04:00,89.6,62.6,30.02,12,200,2268.1
2021-03-25 16:50:00-04:00,89.6,62.6,30.02,12,210,2268.1
2021-03-26 09:50:00-04:00,75.2,69.8,30.17,10,180,1271.7
2021-03-26 10:50:00-04:00,78.8,68,30.18,10,160,1468.5
2021-03-26 11:50:00-04:00,80.6,68,30.18,8,170,1581.3
2021-03-26 12:50:00-04:00,82.4,68,30.17,5,140,1705
2021-03-26 13:50:00-04:00,86,66.2,30.16,4,,1921.7
2021-03-26 14:50:00-04:00,87.8,64.4,30.14,5,220,2038.3
2021-03-26 15:52:00-04:00,87.8,64.4,30.12,0,0,2060.9
2021-03-26 16:48:00-04:00,89.6,62.6,30.11,0,0,2166.7
2021-03-27 09:45:00-04:00,73.4,68,30.22,7,150,1082
2021-03-27 10:46:00-04:00,78.8,66.2,30.22,9,160,1405.5
2021-03-27 11:50:00-04:00,80.6,64.4,30.21,10,120,1512.7
2021-03-27 12:50:00-04:00,84.2,60.8,30.19,10,120,1728.5
2021-03-27 13:50:00-04:00,84.2,57.2,30.17,10,140,1723.3
2021-03-27 14:50:00-04:00,87.8,55.4,30.15,7,140,1955.6
2021-03-27 15:50:00-04:00,87.8,57.2,30.12,7,180,2002.1
2021-03-27 16:50:00-04:00,87.8,55.4,30.1,9,120,2011.8
2021-03-28 09:50:00-04:00,75.2,69.8,30.12,16,190,1328.4
2021-03-28 10:50:00-04:00,80.6,68,30.12,13,180,1649.2
2021-03-28 11:50:00-04:00,82.4,66.2,30.13,12,180,1732.3
2021-03-28 12:45:00-04:00,84.2,66.2,30.12,10,230,1855.4
2021-03-28 13:50:00-04:00,86,62.6,30.1,8,260,1956.5
2021-03-28 14:50:00-04:00,86,62.6,30.08,7,240,1979.1
2021-03-28 15:50:00-04:00,87.8,62.6,30.07,7,250,2101.3
2021-03-28 16:50:00-04:00,86,55.4,30.06,12,290,1945.9
2021-03-29 09:50:00-04:00,71.6,71.6,30.16,0,0,1074.2
2021-03-29 10:50:00-04:00,71.6,71.6,30.17,0,0,1062.9
2021-03-29 11:50:00-04:00,75.2,68,30.17,4,30,1252.8
2021-03-29 12:50:00-04:00,80.6,66.2,30.16,4,90,1586.1
2021-03-29 13:50:00-04:00,82.4,66.2,30.14,9,60,1721
2021-03-29 14:50:00-04:00,82.4,66.2,30.12,8,60,1743.6
2021-03-29 15:50:00-04:00,80.6,64.4,30.1,8,60,1637
2021-03-29 16:50:00-04:00,80.6,64.4,30.09,8,90,1648.3
2021-03-30 09:50:00-04:00,77,69.8,30.2,7,90,1351.5
2021-03-30 10:53:00-04:00,80.6,69.8,30.21,7,100,1566.3
2021-03-30 11:50:00-04:00,80.6,66.2,30.2,15.55,90,1540.9
2021-03-30 12:50:00-04:00,84.2,66.2,30.18,7,160,1787.7
2021-03-30 13:50:00-04:00,86,64.4,30.16,10,90,1904.8
2021-03-30 14:50:00-04:00,87.8,64.4,30.13,6,160,2049.6
2021-03-30 15:50:00-04:00,87.8,62.6,30.11,6,130,2056.2
2021-03-30 16:50:00-04:00,89.6,62.6,30.1,12,130,2177.9
2021-03-31 09:50:00-04:00,75.2,69.8,30.16,7,140,1283.1
2021-03-31 10:50:00-04:00,80.6,69.8,30.16,8,150,1622.8
2021-03-31 11:50:00-04:00,80.6,68,30.15,6,160,1615.2
2021-03-31 12:50:00-04:00,84.2,66.2,30.13,9,210,1844.1
2021-03-31 13:50:00-04:00,86,64.4,30.11,8,180,1961.2
2021-03-31 14:50:00-04:00,84.2,64.4,30.08,5,240,1883.7
2021-03-31 15:45:00-04:00,87.8,64.4,30.05,5,210,2139.8
2021-03-31 16:50:00-04:00,87.8,66.2,30.03,12,260,2179.3
2022-03-01 09:50:00-05:00,59,55.4,30.12,6,10,156.93
2022-03-01 10:50:00-05:00,62.6,59,30.12,4,30,419.28
2022-03-01 11:50:00-05:00,64.4,55.4,30.1,0,0,532.67
2022-03-01 13:50:00-05:00,73.4,53.6,30.03,7,50,1178.3
2022-03-01 14:50:00-05:00,73.4,53.6,30.03,4,60,1178.3
2022-03-01 15:50:00-05:00,75.2,53.6,30.02,7,40,1303.8
2022-03-01 16:50:00-05:00,73.4,51.8,30.02,6,20,1178.2
2022-03-02 09:50:00-05:00,66.2,37.4,30.18,10,30,464.46
2022-03-02 10:50:00-05:00,69.8,37.4,30.19,7,20,685.29
2022-03-02 11:50:00-05:00,69.8,39.2,30.18,4,50,703.63
2022-03-02 12:50:00-05:00,75.2,44.6,30.15,7,110,1105.9
2022-03-02 13:50:00-05:00,75.2,42.8,30.12,3,,1131.3
2022-03-02 14:50:00-05:00,75.2,42.8,30.1,0,0,1153.9
2022-03-02 15:50:00-05:00,78.8,42.8,30.09,3,160,1392.3
2022-03-02 16:50:00-05:00,78.8,39.2,30.09,0,0,1376.9
2022-03-03 09:50:00-05:00,73.4,57.2,30.23,5,80,976.85
2022-03-03 10:50:00-05:00,75.2,57.2,30.23,0,0,1091.2
2022-03-03 11:50:00-05:00,78.8,53.6,30.22,0,0,1304.9
2022-03-03 12:50:00-05:00,80.6,51.8,30.18,4,,1451.5
2022-03-03 13:50:00-05:00,80.6,50,30.15,3,,1474.6
2022-03-03 14:50:00-05:00,80.6,50,30.15,0,0,1474.6
2022-03-03 15:50:00-05:00,82.4,48.2,30.11,4,,1622
2022-03-03 16:50:00-05:00,80.6,46.4,30.11,0,0,1500.1
2022-03-04 09:50:00-05:00,75.2,57.2,30.3,3,150,1012.3
2022-03-04 10:50:00-05:00,78.8,51.8,30.3,6,60,1203.6
2022-03-04 11:50:00-05:00,80.6,46.4,30.28,9,110,1308.8
2022-03-04 12:50:00-05:00,82.4,46.4,30.25,10,90,1455
2022-03-04 13:50:00-05:00,82.4,48.2,30.22,10,90,1498.2
2022-03-04 14:50:00-05:00,82.4,51.8,30.22,10,90,1519
2022-03-04 15:50:00-05:00,82.4,51.8,30.19,9,90,1552.7
2022-03-04 16:50:00-05:00,82.4,51.8,30.19,9,80,1552.7
2022-03-05 09:50:00-05:00,75.2,60.8,30.31,11,120,1028.8
2022-03-05 10:50:00-05:00,78.8,57.2,30.32,14,120,1217.2
2022-03-05 11:50:00-05:00,82.4,55.4,30.32,12,110,1430
2022-03-05 12:50:00-05:00,82.4,55.4,30.29,15,120,1463.7
2022-03-05 15:50:00-05:00,82.4,53.6,30.23,14,110,1519.1
2022-03-05 16:50:00-05:00,82.4,55.4,30.24,16,90,1519.9
2022-03-06 09:50:00-05:00,77,62.6,30.31,16,120,1157.8
2022-03-06 10:50:00-05:00,78.8,60.8,30.31,13,140,1256.1
2022-03-06 11:50:00-05:00,80.6,60.8,30.3,11,120,1380.4
2022-03-06 12:50:00-05:00,84.2,57.2,30.27,14,130,1610.9
2022-03-06 13:50:00-05:00,84.2,55.4,30.23,14,120,1643.1
2022-03-06 14:50:00-05:00,84.2,55.4,30.19,12,130,1688.1
2022-03-06 15:50:00-05:00,86,55.4,30.18,9,110,1810.8
2022-03-06 16:50:00-05:00,82.4,55.4,30.19,7,140,1576.1
2022-03-07 09:50:00-05:00,78.8,66.2,30.19,10,140,1439.4
2022-03-07 10:50:00-05:00,80.6,64.4,30.18,11,160,1546.6
2022-03-07 11:50:00-05:00,82.4,64.4,30.17,12,160,1670.2
2022-03-07 12:50:00-05:00,82.4,64.4,30.14,12,170,1704.1
2022-03-07 13:50:00-05:00,84.2,64.4,30.1,10,130,1861.1
2022-03-07 14:50:00-05:00,86,64.4,30.07,6,180,2006.3
2022-03-07 15:50:00-05:00,84.2,62.6,30.05,8,160,1901.6
2022-03-07 16:50:00-05:00,80.6,66.2,30.04,13,230,1721.8
2022-03-08 09:50:00-05:00,75.2,71.6,30.1,3,180,1371.1
2022-03-08 10:50:00-05:00,78.8,69.8,30.09,8,170,1589.3
2022-03-08 11:50:00-05:00,80.6,69.8,30.06,6,180,1736
2022-03-08 12:50:00-05:00,82.4,68,30.04,6,140,1852
2022-03-08 13:50:00-05:00,84.2,66.2,30,10,180,1991.1
2022-03-08 14:50:00-05:00,78.8,69.8,29.99,5,250,1702.8
2022-03-08 15:50:00-05:00,80.6,69.8,29.97,6,270,1838.1
2022-03-08 16:50:00-05:00,82.4,69.8,29.96,6,270,1961.6
2022-03-09 09:50:00-05:00,77,71.6,30.02,10,190,1575.6
2022-03-09 10:50:00-05:00,80.6,71.6,30.01,12,210,1812.7
2022-03-09 11:50:00-05:00,82.4,69.8,29.99,10,190,1927.6
2022-03-09 12:50:00-05:00,73.4,66.2,29.97,5,200,1347.9
2022-03-09 13:50:00-05:00,78.8,71.6,29.93,3,140,1791
2022-03-09 14:50:00-05:00,84.2,69.8,29.91,12,260,2130
2022-03-09 15:50:00-05:00,77,69.8,29.91,8,270,1680.7
2022-03-09 16:50:00-05:00,82.4,69.8,29.91,9,250,2018.4
2022-03-10 09:50:00-05:00,75.2,71.6,30.01,7,180,1473.4
2022-03-10 10:50:00-05:00,80.6,71.6,30.01,7,200,1812.7
2022-03-10 11:50:00-05:00,80.6,69.8,30.01,8,200,1792.7
2022-03-10 12:50:00-05:00,82.4,69.8,29.99,10,240,1927.6
2022-03-10 13:50:00-05:00,75.2,69.8,29.97,6,290,1498.9
2022-03-10 14:50:00-05:00,80.6,69.8,29.98,6,290,1826.7
2022-03-10 15:50:00-05:00,73.4,64.4,29.99,14,300,1308
2022-03-10 16:50:00-05:00,69.8,64.4,30,0,0,1067.1
2022-03-11 09:50:00-05:00,78.8,69.8,30.01,12,170,1680
2022-03-11 10:50:00-05:00,80.6,69.8,30.01,12,200,1792.7
2022-03-11 11:50:00-05:00,82.4,68,29.99,12,200,1908.6
2022-03-11 12:50:00-05:00,86,66.2,29.97,14,220,2136.3
2022-03-11 13:50:00-05:00,86,66.2,29.94,18,230,2170.3
2022-03-11 14:45:00-05:00,86,66.2,29.94,18,230,2170.3
2022-03-11 15:50:00-05:00,84.2,64.4,29.89,18,230,2098.8
2022-03-11 16:50:00-05:00,84.2,64.4,29.89,14,230,2098.8
2022-03-12 09:50:00-05:00,75.2,71.6,29.85,17,230,1655.9
2022-03-12 10:50:00-05:00,69.8,66.2,29.89,13,280,1209.7
2022-03-12 11:50:00-05:00,64.4,60.8,29.95,19,300,744.65
2022-03-12 12:50:00-05:00,64.4,55.4,29.97,21,300,680.75
2022-03-12 13:50:00-05:00,60.8,48.2,29.99,23,320,378.53
2022-03-12 14:50:00-05:00,60.8,44.6,29.99,20,310,359.81
2022-03-12 15:50:00-05:00,62.6,37.4,29.99,18,310,446.21
2022-03-12 16:50:00-05:00,60.8,37.4,30.01,18,320,305.79
2022-03-13 09:50:00-04:00,44.6,26.6,30.4,12,30,-1255.7
2022-03-13 10:50:00-04:00,50,32,30.39,13,40,-862.4
2022-03-13 11:50:00-04:00,55.4,37.4,30.39,13,50,-482.02
2022-03-13 12:50:00-04:00,59,39.2,30.37,10,40,-213.87
2022-03-13 13:50:00-04:00,62.6,42.8,30.35,13,80,60.573
2022-03-13 14:50:00-04:00,62.6,42.8,30.33,12,30,83.159
2022-03-13 15:50:00-04:00,64.4,44.6,30.3,10,40,242.91
2022-03-14 09:50:00-04:00,60.8,51.8,30.35,6,50,-9.4556
2022-03-14 10:50:00-04:00,68,55.4,30.35,10,80,482.57
2022-03-14 11:50:00-04:00,71.6,53.6,30.35,11,100,701.85
2022-03-14 12:50:00-04:00,71.6,53.6,30.34,8,90,713.12
2022-03-14 13:50:00-04:00,75.2,53.6,30.3,12,110,987.51
2022-03-14 14:50:00-04:00,75.2,53.6,30.28,12,110,1010
2022-03-14 15:50:00-04:00,75.2,55.4,30.26,11,100,1044.6
2022-03-14 16:50:00-04:00,75.2,57.2,30.25,14,90,1068.6
2022-03-15 09:50:00-04:00,69.8,62.6,30.23,9,80,789.8
2022-03-15 10:50:00-04:00,73.4,62.6,30.22,18,0,1031.1
2022-03-15 11:50:00-04:00,75.2,64.4,30.2,14,110,1184.1
2022-03-15 12:50:00-04:00,78.8,64.4,30.18,16,100,1433.7
2022-03-15 13:50:00-04:00,78.8,64.4,30.14,13,110,1478.9
2022-03-15 14:50:00-04:00,82.4,64.4,30.1,16,130,1749.3
2022-03-15 15:50:00-04:00,82.4,62.6,30.06,12,140,1778.5
2022-03-15 16:50:00-04:00,80.6,62.6,30.06,10,130,1666.2
2022-03-16 09:50:00-04:00,69.8,66.2,30.05,4,190,1027.2
2022-03-16 10:50:00-04:00,75.2,68,30.06,5,190,1377.6
2022-03-16 11:50:00-04:00,77,66.2,30.06,9,210,1473.3
2022-03-16 12:50:00-04:00,78.8,66.2,30.04,9,230,1609.1
2022-03-16 13:50:00-04:00,78.8,66.2,29.99,8,240,1665.9
2022-03-16 14:50:00-04:00,75.2,69.8,29.97,9,230,1498.9
2022-03-16 15:50:00-04:00,77,66.2,29.96,11,220,1586.8
2022-03-16 16:50:00-04:00,73.4,68,29.96,10,240,1377.3
2022-03-17 09:50:00-04:00,64.4,64.4,30.06,0,0,650.57
2022-03-17 10:01:00-04:00,64.4,64.4,30.07,0,0,639.17
2022-03-17 11:50:00-04:00,71.6,57.2,30.08,3,270,1031.9
2022-03-17 12:50:00-04:00,73.4,57.2,30.08,6,300,1146.5
2022-03-17 13:50:00-04:00,75.2,57.2,30.06,0,0,1283.4
2022-03-17 14:50:00-04:00,78.8,55.4,30.03,0,0,1531.5
2022-03-17 15:50:00-04:00,80.6,53.6,30.01,6,250,1654.8
2022-03-17 16:50:00-04:00,80.6,53.6,29.99,5,250,1677.4
2022-03-18 09:50:00-04:00,71.6,62.6,30.07,0,0,1086.4
2022-03-18 11:50:00-04:00,82.4,64.4,30.08,10,170,1771.9
2022-03-18 12:50:00-04:00,84.2,64.4,30.06,8,180,1906.3
2022-03-18 13:50:00-04:00,86,64.4,30.04,9,160,2040.2
2022-03-18 14:50:00-04:00,87.8,64.4,30.01,8,220,2185
2022-03-18 15:50:00-04:00,87.8,62.6,30,10,240,2180.3
2022-03-18 16:50:00-04:00,86,62.6,30.01,8,240,2058.1
2022-03-19 09:50:00-04:00,73.4,68,30.14,0,0,1172.6
2022-03-19 10:50:00-04:00,77,69.8,30.15,7,180,1408.1
2022-03-19 11:50:00-04:00,78.8,66.2,30.14,7,230,1495.9
2022-03-19 12:50:00-04:00,80.6,68,30.13,6,210,1637.8
2022-03-19 13:50:00-04:00,82.4,66.2,30.1,7,230,1766.2
2022-03-19 14:50:00-04:00,84.2,66.2,30.08,10,240,1900.6
2022-03-19 15:50:00-04:00,84.2,66.2,30.06,10,270,1923.2
2022-03-19 16:45:00-04:00,84.2,66.2,30.06,10,270,1923.2
2022-03-20 09:50:00-04:00,68,62.6,30.18,7,360,730.74
2022-03-20 10:50:00-04:00,69.8,60.8,30.2,10,360,808.59
2022-03-20 11:50:00-04:00,69.8,57.2,30.2,9,10,780.68
2022-03-20 12:50:00-04:00,71.6,57.2,30.2,8,10,895.95
2022-03-20 13:50:00-04:00,75.2,59,30.17,6,340,1172.5
2022-03-20 14:50:00-04:00,78.8,55.4,30.15,7,360,1395.9
2022-03-20 15:50:00-04:00,78.8,55.4,30.13,6,30,1418.5
2022-03-20 16:50:00-04:00,78.8,51.8,30.13,6,350,1395
2022-03-21 09:50:00-04:00,66.2,50,30.24,8,70,456.28
2022-03-21 10:50:00-04:00,71.6,51.8,30.24,11,100,814.5
2022-03-21 11:50:00-04:00,73.4,51.8,30.24,12,100,929.35
2022-03-21 12:50:00-04:00,75.2,51.8,30.22,13,120,1066.3
2022-03-21 13:50:00-04:00,78.8,51.8,30.2,7,90,1316.1
2022-03-21 14:50:00-04:00,80.6,51.8,30.17,12,120,1462.8
2022-03-21 15:50:00-04:00,80.6,51.8,30.16,14,120,1474.1
2022-03-21 16:50:00-04:00,80.6,53.6,30.14,10,100,1508
2022-03-22 09:50:00-04:00,69.8,57.2,30.14,13,130,848.64
2022-03-22 10:50:00-04:00,73.4,57.2,30.14,16,120,1078.6
2022-03-22 11:50:00-04:00,75.2,57.2,30.12,11,140,1215.5
2022-03-22 12:50:00-04:00,78.8,59,30.11,10,120,1467.4
2022-03-22 13:50:00-04:00,80.6,57.2,30.07,12,110,1611.8
2022-03-22 14:50:00-04:00,82.4,59,30.05,10,170,1760.3
2022-03-22 15:50:00-04:00,84.2,55.4,30.02,10,170,1879.7
2022-03-22 16:50:00-04:00,84.2,55.4,29.99,9,170,1913.6
2022-03-23 09:50:00-04:00,75.2,69.8,30.01,14,160,1453.4
2022-03-23 10:50:00-04:00,78.8,69.8,30.01,16,180,1680
2022-03-23 11:50:00-04:00,80.6,68,30,15,190,1785.1
2022-03-23 12:50:00-04:00,82.4,68,29.99,15,190,1908.6
2022-03-23 13:50:00-04:00,84.2,66.2,29.96,15,190,2036.4
2022-03-23 14:50:00-04:00,86,66.2,29.94,13,180,2170.3
2022-03-23 15:50:00-04:00,87.8,66.2,29.92,11,210,2303.8
2022-03-23 16:50:00-04:00,86,66.2,29.91,12,240,2204.3
2022-03-24 09:50:00-04:00,75.2,73.4,29.95,9,200,1562.9
2022-03-24 10:50:00-04:00,75.2,71.6,29.96,7,190,1530.3
2022-03-24 11:50:00-04:00,75.2,71.6,29.97,10,220,1518.9
2022-03-24 12:50:00-04:00,80.6,69.8,29.93,14,210,1883.6
2022-03-24 13:50:00-04:00,82.4,69.8,29.91,13,230,2018.4
2022-03-24 14:50:00-04:00,80.6,69.8,29.89,13,230,1929.1
2022-03-24 15:50:00-04:00,75.2,66.2,29.9,13,230,1541.6
2022-03-24 16:50:00-04:00,69.8,69.8,29.91,12,290,1224
2022-03-25 09:50:00-04:00,66.2,50,30.05,8,330,671.74
2022-03-25 10:50:00-04:00,68,46.4,30.06,10,310,756.75
2022-03-25 11:50:00-04:00,69.8,42.8,30.06,11,330,854.92
2022-03-25 12:50:00-04:00,71.6,39.2,30.04,12,320,977.29
2022-03-25 13:50:00-04:00,73.4,42.8,30.02,13,350,1130.2
2022-03-25 14:46:00-04:00,73.4,41,29.99,12,310,1156.2
2022-03-25 15:50:00-04:00,75.2,44.6,29.97,13,290,1309.5
2022-03-25 16:50:00-04:00,73.4,46.4,29.97,13,280,1204.4
2022-03-26 09:50:00-04:00,64.4,53.6,30.07,3,290,554.64
2022-03-26 10:50:00-04:00,69.8,42.8,30.08,11,320,832.25
2022-03-26 11:50:00-04:00,71.6,44.6,30.06,7,330,978.61
2022-03-26 12:50:00-04:00,73.4,46.4,30.04,8,310,1125
2022-03-26 13:50:00-04:00,75.2,42.8,30.02,7,320,1244.4
2022-03-26 14:50:00-04:00,75.2,42.8,29.99,9,320,1278.3
2022-03-26 15:50:00-04:00,59,39.2,29.98,15,300,228.97
2022-03-26 16:50:00-04:00,75.2,41,29.97,13,300,1293
2022-03-27 09:50:00-04:00,66.2,55.4,30.14,8,340,603.9
2022-03-27 10:50:00-04:00,69.8,46.4,30.14,8,330,781.79
2022-03-27 11:50:00-04:00,71.6,44.6,30.14,10,320,888.06
2022-03-27 12:50:00-04:00,73.4,42.8,30.12,9,350,1017
2022-03-27 13:50:00-04:00,75.2,42.8,30.1,10,320,1153.9
2022-03-27 14:50:00-04:00,78.8,30.2,30.08,10,300,1357.1
2022-03-27 15:50:00-04:00,78.8,32,30.07,9,310,1373.8
2022-03-27 16:50:00-04:00,78.8,32,30.06,10,330,1385.1
2022-03-28 09:50:00-04:00,69.8,60.8,30.18,10,300,831.25
2022-03-28 10:50:00-04:00,73.4,57.2,30.19,12,300,1022
2022-03-28 11:50:00-04:00,75.2,53.6,30.19,9,300,1111.5
2022-03-28 12:50:00-04:00,77,53.6,30.17,10,300,1247.9
2022-03-28 13:50:00-04:00,78.8,51.8,30.15,8,280,1372.4
2022-03-28 14:50:00-04:00,80.6,51.8,30.13,7,300,1507.9
2022-03-28 15:50:00-04:00,82.4,48.2,30.11,7,280,1622
2022-03-28 16:50:00-04:00,82.4,48.2,30.11,10,290,1622
2022-03-29 09:50:00-04:00,69.8,62.6,30.21,5,20,812.45
2022-03-29 10:50:00-04:00,73.4,57.2,30.21,3,30,999.44
2022-03-29 11:50:00-04:00,77,51.8,30.2,3,20,1202.7
2022-03-29 12:50:00-04:00,80.6,46.4,30.19,5,10,1410
2022-03-29 13:50:00-04:00,82.4,46.4,30.17,3,360,1544.9
2022-03-29 14:50:00-04:00,84.2,44.6,30.15,0,0,1670.5
2022-03-29 15:50:00-04:00,84.2,42.8,30.12,0,0,1695.8
2022-03-29 16:50:00-04:00,84.2,42.8,30.11,4,40,1707
2022-03-30 09:50:00-04:00,73.4,62.6,30.11,10,140,1155.7
2022-03-30 10:50:00-04:00,77,60.8,30.12,14,140,1357.1
2022-03-30 11:50:00-04:00,80.6,60.8,30.11,14,150,1594.5
2022-03-30 12:50:00-04:00,82.4,60.8,30.09,14,150,1729.4
2022-03-30 13:50:00-04:00,82.4,57.2,30.07,18,170,1724.1
2022-03-30 14:50:00-04:00,84.2,55.4,30.04,18,150,1857.1
2022-03-30 15:50:00-04:00,86,55.4,30,13,150,2013.6
2022-03-30 16:50:00-04:00,86,55.4,29.98,19,140,2036.2
2022-03-31 09:50:00-04:00,75.2,66.2,29.96,16,170,1473.3
2022-03-31 10:50:00-04:00,78.8,66.2,29.98,17,190,1677.2
2022-03-31 11:50:00-04:00,80.6,66.2,29.96,17,190,1812.6
2022-03-31 12:50:00-04:00,82.4,69.8,29.94,12,200,1984.3
2022-03-31 13:50:00-04:00,84.2,68,29.91,15,200,2111.1
2022-03-31 14:46:00-04:00,84.2,68,29.89,15,200,2133.8
2022-03-31 15:46:00-04:00,84.2,68,29.86,18,210,2167.9
2022-03-31 16:46:00-04:00,82.4,68,29.86,18,200,2056.3
2023-03-01 09:50:00-05:00,69.8,69.8,30.12,0,0,984.53
2023-03-01 10:50:00-05:00,69.8,69.8,30.12,0,0,984.53
2023-03-01 11:50:00-05:00,77,64.4,30.11,7,240,1399.6
2023-03-01 12:50:00-05:00,80.6,62.6,30.09,3,,1632.2
2023-03-01 13:50:00-05:00,82.4,60.8,30.06,9,260,1763.3
2023-03-01 14:50:00-05:00,84.2,59,30.03,10,220,1894.7
2023-03-01 15:50:00-05:00,84.2,59,30.03,5,300,1894.7
2023-03-01 16:50:00-05:00,82.4,55.4,30.04,12,260,1745.3
2023-03-02 09:50:00-05:00,73.4,64.4,30.04,5,180,1251.2
2023-03-02 11:55:00-05:00,80.6,57.2,30,8,160,1691
2023-03-02 12:50:00-05:00,82.4,59,29.97,6,170,1850.8
2023-03-02 13:50:00-05:00,84.2,55.4,29.94,8,260,1970.1
2023-03-02 14:50:00-05:00,84.2,55.4,29.92,7,250,1992.8
2023-03-02 15:50:00-05:00,86,55.4,29.9,10,230,2126.7
2023-03-02 16:50:00-05:00,84.2,60.8,29.9,9,270,2056.2
2023-03-03 09:50:00-05:00,78.8,66.2,29.87,17,180,1802.3
2023-03-03 10:50:00-05:00,80.6,62.6,29.86,21,200,1893.1
2023-03-03 11:50:00-05:00,84.2,60.8,29.85,25,190,2113
2023-03-03 12:50:00-05:00,86,60.8,29.84,22,210,2235.5
2023-03-03 13:50:00-05:00,86,57.2,29.82,20,210,2230.2
2023-03-03 14:50:00-05:00,84.2,57.2,29.86,18,220,2073.6
2023-03-03 15:50:00-05:00,84.2,59,29.85,22,230,2098.6
2023-03-03 16:50:00-05:00,82.4,59,29.87,13,240,1964.2
2023-03-04 10:50:00-05:00,82.4,66.2,29.96,14,240,1924.7
2023-03-04 11:50:00-05:00,82.4,64.4,29.96,12,260,1907.7
2023-03-04 12:50:00-05:00,86,62.6,29.95,13,250,2126
2023-03-04 13:50:00-05:00,84.2,62.6,29.94,12,270,2026.1
2023-03-04 14:50:00-05:00,84.2,62.6,29.94,12,270,2026.1
2023-03-04 15:50:00-05:00,84.2,60.8,29.94,13,250,2010.9
2023-03-04 16:50:00-05:00,82.4,57.2,29.95,13,250,1859.9
2023-03-05 09:50:00-05:00,78.8,69.8,30.11,4,280,1566.6
2023-03-05 10:50:00-05:00,80.6,69.8,30.11,6,290,1679.4
2023-03-05 11:50:00-05:00,84.2,66.2,30.1,8,290,1878
2023-03-05 12:50:00-05:00,84.2,64.4,30.08,6,290,1883.7
2023-03-05 13:50:00-05:00,84.2,64.4,30.06,6,350,1906.3
2023-03-05 14:50:00-05:00,86,64.4,30.05,6,270,2028.9
2023-03-05 15:50:00-05:00,84.2,66.2,30.04,9,300,1945.8
2023-03-05 16:50:00-05:00,82.4,66.2,30.05,9,260,1822.7
2023-03-06 09:50:00-05:00,71.6,71.6,30.16,0,0,1074.2
2023-03-06 10:50:00-05:00,80.6,64.4,30.15,4,340,1580.4
2023-03-06 11:50:00-05:00,82.4,64.4,30.13,5,320,1715.4
2023-03-06 12:50:00-05:00,84.2,62.6,30.1,6,300,1845.1
2023-03-06 13:50:00-05:00,86,62.6,30.06,5,360,2001.6
2023-03-06 14:50:00-05:00,87.8,60.8,30.04,4,310,2120
2023-03-06 15:50:00-05:00,84.2,62.6,30.03,11,340,1924.2
2023-03-06 16:50:00-05:00,84.2,62.6,30.02,13,310,1935.5
2023-03-07 09:50:00-05:00,75.2,66.2,30.09,5,300,1325.6
2023-03-07 10:50:00-05:00,78.8,66.2,30.09,8,320,1552.5
2023-03-07 11:50:00-05:00,80.6,64.4,30.09,10,320,1648.3
2023-03-07 12:50:00-05:00,82.4,64.4,30.05,11,320,1805.8
2023-03-07 13:50:00-05:00,84.2,62.6,30.02,9,290,1935.5
2023-03-07 14:50:00-05:00,84.2,62.6,30,11,300,1958.1
2023-03-07 16:50:00-05:00,82.4,57.2,30,10,320,1803.3
2023-03-08 09:50:00-05:00,73.4,66.2,30.1,8,40,1200.1
2023-03-08 10:50:00-05:00,78.8,64.4,30.11,13,30,1512.9
2023-03-08 11:50:00-05:00,80.6,62.6,30.1,9,40,1620.9
2023-03-08 12:50:00-05:00,82.4,60.8,30.07,10,60,1752
2023-03-08 13:50:00-05:00,84.2,59,30.04,6,50,1883.4
2023-03-08 14:50:00-05:00,84.2,59,30.04,9,80,1883.4
2023-03-08 15:50:00-05:00,84.2,57.2,30.04,12,40,1869.9
2023-03-08 16:50:00-05:00,82.4,59,30.05,16,70,1760.3
2023-03-09 09:50:00-05:00,71.6,57.2,30.18,10,90,918.57
2023-03-09 10:50:00-05:00,73.4,57.2,30.18,10,90,1033.3
2023-03-09 11:50:00-05:00,75.2,57.2,30.17,10,100,1158.9
2023-03-09 12:50:00-05:00,77,55.4,30.14,6,100,1293.8
2023-03-09 13:50:00-05:00,78.8,55.4,30.12,6,100,1429.7
2023-03-09 14:50:00-05:00,80.6,55.4,30.1,10,80,1565.2
2023-03-09 16:50:00-05:00,78.8,51.8,30.09,5,60,1440.2
2023-03-10 09:50:00-05:00,73.4,57.2,30.1,9,200,1123.9
2023-03-10 10:50:00-05:00,75.2,57.2,30.1,8,220,1238.1
2023-03-10 11:50:00-05:00,78.8,57.2,30.07,9,220,1499
2023-03-10 12:50:00-05:00,80.6,60.8,30.04,11,220,1673.6
2023-03-10 13:50:00-05:00,82.4,57.2,30,10,270,1803.3
2023-03-10 14:50:00-05:00,82.4,59,29.98,13,260,1839.5
2023-03-10 15:50:00-05:00,80.6,60.8,29.96,14,280,1764.3
2023-03-10 16:50:00-05:00,78.8,60.8,29.95,12,260,1663
2023-03-11 09:50:00-05:00,71.6,62.6,29.95,6,310,1222.9
2023-03-11 10:50:00-05:00,73.4,60.8,29.95,10,340,1322.2
2023-03-11 11:50:00-05:00,75.2,60.8,29.94,7,310,1447.6
2023-03-11 12:50:00-05:00,77,60.8,29.93,6,330,1572.6
2023-03-11 13:55:00-05:00,78.8,57.2,29.91,8,330,1680.4
2023-03-11 14:50:00-05:00,80.6,51.8,29.9,8,300,1768
2023-03-11 15:50:00-05:00,78.8,46.4,29.89,12,320,1636.1
2023-03-11 16:50:00-05:00,78.8,37.4,29.89,9,300,1596
2023-03-12 09:50:00-04:00,69.8,51.8,29.96,4,180,1016.6
2023-03-12 10:50:00-04:00,71.6,53.6,29.97,3,210,1131.8
2023-03-12 11:50:00-04:00,75.2,53.6,29.96,8,220,1371.9
2023-03-12 12:50:00-04:00,78.8,55.4,29.94,10,230,1633.5
2023-03-12 13:50:00-04:00,82.4,53.6,29.91,9,230,1880.3
2023-03-12 14:55:00-04:00,82.4,57.2,29.87,14,240,1950.6
2023-03-12 15:50:00-04:00,84.2,55.4,29.86,12,250,2060.8
2023-03-12 16:50:00-04:00,82.4,60.8,29.86,8,240,1989.9
2023-03-13 09:50:00-04:00,77,71.6,29.91,10,240,1700.8
2023-03-13 10:50:00-04:00,78.8,69.8,29.9,13,260,1805.2
2023-03-13 11:50:00-04:00,78.8,69.8,29.91,12,260,1793.8
2023-03-13 12:50:00-04:00,75.2,69.8,29.9,22,300,1578.7
2023-03-13 13:50:00-04:00,75.2,71.6,29.89,10,260,1610.2
2023-03-13 14:50:00-04:00,77,69.8,29.87,10,240,1726.4
2023-03-13 15:50:00-04:00,77,69.8,29.86,6,260,1737.8
2023-03-13 16:50:00-04:00,82.4,66.2,29.84,14,320,2061.1
2023-03-14 09:50:00-04:00,57.2,46.4,30.09,10,20,18.077
2023-03-14 10:50:00-04:00,60.8,44.6,30.1,10,40,234.53
2023-03-14 11:50:00-04:00,66.2,44.6,30.14,7,50,540.78
2023-03-14 12:50:00-04:00,66.2,44.6,30.13,8,350,552.11
2023-03-14 13:50:00-04:00,69.8,42.8,30.09,8,350,820.92
2023-03-14 14:50:00-04:00,71.6,41,30.08,5,320,939.5
2023-03-14 15:50:00-04:00,73.4,39.2,30.05,7,20,1080.7
2023-03-14 16:50:00-04:00,73.4,39.2,30.04,7,340,1092
2023-03-15 09:50:00-04:00,51.8,37.4,30.2,10,20,-506.86
2023-03-15 10:50:00-04:00,48.2,42.8,30.22,8,40,-749.3
2023-03-15 11:50:00-04:00,50,44.6,30.21,5,110,-607.94
2023-03-15 12:50:00-04:00,55.4,44.6,30.2,7,60,-235.48
2023-03-15 13:50:00-04:00,60.8,46.4,30.18,8,70,152.67
2023-03-15 14:50:00-04:00,64.4,44.6,30.16,10,60,401.36
2023-03-15 15:50:00-04:00,64.4,41,30.14,10,60,407.55
2023-03-15 16:50:00-04:00,66.2,39.2,30.14,5,30,516.8
2023-03-16 09:50:00-04:00,60.8,46.4,30.23,13,70,95.945
2023-03-16 10:50:00-04:00,66.2,46.4,30.23,15,110,447.89
2023-03-16 11:50:00-04:00,69.8,46.4,30.23,13,100,680.05
2023-03-16 12:50:00-04:00,71.6,44.6,30.22,8,130,797.7
2023-03-16 13:50:00-04:00,71.6,44.6,30.2,4,120,820.27
2023-03-16 14:50:00-04:00,73.4,42.8,30.18,4,100,949.23
2023-03-16 15:50:00-04:00,75.2,44.6,30.16,11,70,1094.6
2023-03-16 16:50:00-04:00,75.2,46.4,30.14,5,20,1126.2
2023-03-17 10:50:00-04:00,71.6,55.4,30.1,12,160,996.35
2023-03-17 11:50:00-04:00,75.2,55.4,30.1,11,200,1225.3
2023-03-17 12:50:00-04:00,78.8,55.4,30.08,13,200,1474.9
2023-03-17 13:50:00-04:00,78.8,53.6,30.05,12,190,1496.8
2023-03-17 14:50:00-04:00,80.6,51.8,30.01,10,180,1643.4
2023-03-17 15:50:00-04:00,80.6,53.6,29.98,4,190,1688.7
2023-03-17 16:50:00-04:00,80.6,53.6,29.95,8,190,1722.7
2023-03-18 09:50:00-04:00,71.6,62.6,29.99,10,190,1177.4
2023-03-18 10:50:00-04:00,75.2,62.6,29.99,16,210,1406
2023-03-18 11:50:00-04:00,78.8,60.8,29.99,16,210,1617.6
2023-03-18 12:50:00-04:00,80.6,62.6,29.96,17,230,1779.5
2023-03-18 13:50:00-04:00,82.4,59,29.94,13,240,1884.8
2023-03-18 14:50:00-04:00,80.6,59,29.93,11,240,1783.9
2023-03-18 15:50:00-04:00,80.6,62.6,29.92,7,260,1824.9
2023-03-18 16:50:00-04:00,80.6,59,29.91,12,260,1806.6
2023-03-19 09:50:00-04:00,51.8,37.4,30.18,8,10,-484.09
2023-03-19 10:50:00-04:00,53.6,35.6,30.2,10,360,-393.13
2023-03-19 11:50:00-04:00,53.6,37.4,30.19,9,20,-375.1
2023-03-19 12:50:00-04:00,57.2,37.4,30.19,7,20,-135.92
2023-03-19 13:50:00-04:00,57.2,33.8,30.17,10,40,-126.08
2023-03-19 14:50:00-04:00,60.8,35.6,30.15,6,10,139.96
2023-03-19 15:50:00-04:00,62.6,33.8,30.13,7,40,274.19
2023-03-19 16:50:00-04:00,62.6,35.6,30.12,5,50,291.77
2023-03-20 09:50:00-04:00,51.8,32,30.27,10,360,-605.21
2023-03-20 10:50:00-04:00,53.6,30.2,30.26,11,360,-478.88
2023-03-20 11:50:00-04:00,57.2,30.2,30.27,7,330,-250.86
2023-03-20 12:50:00-04:00,60.8,30.2,30.25,9,350,9.092
2023-03-20 13:50:00-04:00,62.6,28.4,30.23,10,360,144.47
2023-03-20 14:50:00-04:00,64.4,28.4,30.21,10,350,284.45
2023-03-20 15:50:00-04:00,64.4,26.6,30.17,7,320,324.91
2023-03-20 16:50:00-04:00,66.2,28.4,30.17,6,330,446.52
2023-03-21 09:50:00-04:00,60.8,48.2,30.29,7,30,37.535
2023-03-21 10:50:00-04:00,64.4,51.8,30.3,9,50,282.34
2023-03-21 11:50:00-04:00,69.8,51.8,30.28,8,80,654
2023-03-21 12:50:00-04:00,73.4,46.4,30.27,8,110,865.19
2023-03-21 13:50:00-04:00,75.2,46.4,30.25,4,50,1002.1
2023-03-21 14:50:00-04:00,77,44.6,30.23,5,120,1129.6
2023-03-21 15:50:00-04:00,78.8,35.6,30.22,6,60,1216.9
2023-03-21 16:50:00-04:00,78.8,41,30.22,5,120,1238
2023-03-22 09:50:00-04:00,69.8,57.2,30.29,5,150,678.93
2023-03-22 10:50:00-04:00,73.4,59,30.3,8,160,911.38
2023-03-22 11:50:00-04:00,77,57.2,30.3,8,150,1126.2
2023-03-22 12:50:00-04:00,80.6,57.2,30.28,10,130,1375.1
2023-03-22 13:50:00-04:00,80.6,57.2,30.26,8,180,1397.6
2023-03-22 14:50:00-04:00,80.6,55.4,30.24,4,170,1407.4
2023-03-22 15:50:00-04:00,82.4,55.4,30.22,5,40,1542.3
2023-03-23 09:50:00-04:00,71.6,60.8,30.29,7,140,822.11
2023-03-23 10:50:00-04:00,75.2,60.8,30.29,7,120,1051.3
2023-03-23 11:50:00-04:00,77,59,30.28,7,150,1162.2
2023-03-23 12:50:00-04:00,78.8,59,30.27,0,0,1286.9
2023-03-23 13:50:00-04:00,82.4,57.2,30.24,5,140,1532.6
2023-03-23 14:50:00-04:00,82.4,55.4,30.21,4,120,1553.6
2023-03-23 15:50:00-04:00,84.2,53.6,30.18,0,0,1687.3
2023-03-23 16:50:00-04:00,84.2,53.6,30.16,6,90,1709.8
2023-03-24 09:50:00-04:00,71.6,62.6,30.14,3,170,1007
2023-03-24 10:50:00-04:00,75.2,60.8,30.14,6,200,1220.7
2023-03-24 11:50:00-04:00,77,60.8,30.14,8,200,1334.5
2023-03-24 12:50:00-04:00,80.6,59,30.11,10,170,1580.2
2023-03-24 13:50:00-04:00,80.6,59,30.09,5,150,1602.8
2023-03-24 14:50:00-04:00,84.2,60.8,30.05,8,140,1886.4
2023-03-24 15:50:00-04:00,86,57.2,30.02,9,170,2003.8
2023-03-24 16:50:00-04:00,86,57.2,30.01,4,260,2015.1
2023-03-25 09:50:00-04:00,73.4,71.6,30.07,7,200,1291.1
2023-03-25 10:50:00-04:00,78.8,71.6,30.06,8,180,1643.3
2023-03-25 11:50:00-04:00,80.6,68,30.05,4,210,1728.4
2023-03-25 12:50:00-04:00,84.2,68,30.04,7,210,1963.7
2023-03-25 13:50:00-04:00,86,66.2,30.02,4,190,2079.8
2023-03-25 14:50:00-04:00,89.6,66.2,30,10,220,2323.6
2023-03-25 15:50:00-04:00,89.6,66.2,29.98,10,260,2346.2
2023-03-25 16:50:00-04:00,87.8,64.4,29.98,8,250,2218.9
2023-03-26 10:50:00-04:00,80.6,64.4,30.1,7,190,1637
2023-03-26 11:50:00-04:00,84.2,62.6,30.09,7,200,1856.4
2023-03-26 12:50:00-04:00,84.2,62.6,30.08,7,230,1867.7
2023-03-26 13:50:00-04:00,87.8,62.6,30.07,7,190,2101.3
2023-03-26 14:50:00-04:00,87.8,62.6,30.05,8,260,2123.8
2023-03-26 15:50:00-04:00,87.8,64.4,30.04,11,310,2151.1
2023-03-26 16:50:00-04:00,87.8,64.4,30.03,10,300,2162.4
2023-03-27 09:50:00-04:00,77,69.8,30.09,7,180,1476.1
2023-03-27 10:50:00-04:00,78.8,68,30.09,8,180,1570.4
2023-03-27 11:50:00-04:00,80.6,66.2,30.1,8,210,1653.9
2023-03-27 16:50:00-04:00,87.8,60.8,30.03,10,290,2131.3
2023-03-28 09:50:00-04:00,71.6,71.6,30.1,3,360,1142.4
2023-03-28 10:50:00-04:00,80.6,69.8,30.11,4,280,1679.4
2023-03-28 11:50:00-04:00,82.4,66.2,30.1,5,260,1766.2
2023-03-28 12:50:00-04:00,82.4,66.2,30.08,0,0,1788.8
2023-03-28 13:50:00-04:00,87.8,64.4,30.06,9,290,2128.5
2023-03-28 14:50:00-04:00,87.8,62.6,30.04,10,280,2135.1
2023-03-28 15:50:00-04:00,87.8,60.8,30.02,8,260,2142.6
2023-03-28 16:50:00-04:00,87.8,62.6,30,11,270,2180.3
2023-03-29 10:30:00-04:00,73.4,62.6,30.09,8,20,1178.4
2023-03-29 11:50:00-04:00,75.2,62.6,30.09,6,40,1292.5
2023-03-29 12:50:00-04:00,77,62.6,30.09,10,50,1406.2
2023-03-29 13:50:00-04:00,78.8,60.8,30.09,9,50,1504.3
2023-03-29 14:50:00-04:00,80.6,60.8,30.07,4,40,1639.7
2023-03-29 15:50:00-04:00,80.6,60.8,30.06,9,30,1651
2023-03-29 16:50:00-04:00,78.8,60.8,30.05,9,30,1549.6
2023-03-30 09:50:00-04:00,69.8,55.4,30.2,11,70,767.87
2023-03-30 10:50:00-04:00,73.4,55.4,30.21,11,80,986.65
2023-03-30 11:50:00-04:00,77,57.2,30.22,11,80,1216.3
2023-03-30 13:48:00-04:00,78.8,55.4,30.19,6,90,1350.8
2023-03-30 14:50:00-04:00,80.6,53.6,30.18,4,120,1462.9
2023-03-30 15:55:00-04:00,82.4,51.8,30.16,8,70,1586.5
2023-03-30 16:50:00-04:00,82.4,50,30.15,6,70,1587
2023-03-31 09:50:00-04:00,73.4,59,30.26,11,130,956.5
2023-03-31 10:50:00-04:00,77,60.8,30.26,13,140,1199
2023-03-31 11:50:00-04:00,78.8,59,30.27,12,120,1286.9
2023-03-31 12:50:00-04:00,82.4,57.2,30.24,12,130,1532.6
2023-03-31 13:50:00-04:00,82.4,55.4,30.22,8,130,1542.3
2023-03-31 14:50:00-04:00,84.2,55.4,30.19,11,160,1688.1
2023-03-31 15:50:00-04:00,84.2,55.4,30.17,7,140,1710.6
2023-03-31 16:50:00-04:00,86,55.4,30.16,10,120,1833.3
2024-03-01 09:47:00-05:00,73.4,66.2,30.23,12,140,1052.8
2024-03-01 10:45:00-05:00,75.2,64.4,30.24,11,160,1138.9
2024-03-01 11:50:00-05:00,78.8,64.4,30.22,14,150,1388.6
2024-03-01 12:50:00-05:00,77,62.6,30.21,10,160,1270.5
2024-03-01 13:50:00-05:00,78.8,60.8,30.19,11,160,1391.3
2024-03-01 14:50:00-05:00,80.6,60.8,30.17,10,180,1526.8
2024-03-01 15:50:00-05:00,80.6,60.8,30.15,9,170,1549.3
2024-03-01 16:50:00-05:00,80.6,60.8,30.14,7,160,1560.6
2024-03-02 09:50:00-05:00,71.6,68,30.19,6,180,1001.3
2024-03-02 10:50:00-05:00,75.2,66.2,30.18,10,190,1223.6
2024-03-02 11:50:00-05:00,77,66.2,30.17,10,200,1348.7
2024-03-02 12:50:00-05:00,77,64.4,30.16,6,210,1343.1
2024-03-02 13:50:00-05:00,78.8,62.6,30.13,6,200,1474.2
2024-03-02 14:50:00-05:00,78.8,62.6,30.12,6,260,1485.5
2024-03-02 15:50:00-05:00,78.8,62.6,30.11,7,280,1496.8
2024-03-02 16:50:00-05:00,77,64.4,30.1,7,280,1411
2024-03-03 09:50:00-05:00,69.8,69.8,30.13,5,40,973.16
2024-03-03 10:45:00-05:00,73.4,71.6,30.13,0,0,1222.9
2024-03-03 11:45:00-05:00,78.8,66.2,30.11,5,200,1529.8
2024-03-03 12:50:00-05:00,80.6,64.4,30.08,4,240,1659.6
2024-03-03 13:50:00-05:00,80.6,64.4,30.05,4,190,1693.5
2024-03-03 14:50:00-05:00,77,62.6,30.03,0,0,1474.2
2024-03-03 15:45:00-05:00,71.6,62.6,30.04,16,360,1120.5
2024-03-03 16:50:00-05:00,69.8,64.4,30.05,13,70,1010.2
2024-03-04 09:50:00-05:00,69.8,64.4,30.13,10,70,919.23
2024-03-04 10:50:00-05:00,71.6,64.4,30.13,7,90,1034.4
2024-03-04 11:50:00-05:00,73.4,64.4,30.12,9,110,1160.4
2024-03-04 12:50:00-05:00,75.2,64.4,30.1,4,70,1297.3
2024-03-04 13:50:00-05:00,75.2,64.4,30.07,6,90,1331.3
2024-03-04 14:50:00-05:00,78.8,62.6,30.05,7,110,1564.8
2024-03-04 15:50:00-05:00,80.6,62.6,30.03,8,130,1700.1
2024-03-04 16:45:00-05:00,80.6,62.6,30.02,7,110,1711.5
2024-03-05 09:50:00-05:00,69.8,66.2,30.03,6,100,1050
2024-03-05 10:50:00-05:00,73.4,66.2,30.03,7,110,1279.6
2024-03-05 11:50:00-05:00,75.2,66.2,30.03,9,130,1393.7
2024-03-05 12:50:00-05:00,78.8,64.4,29.99,10,120,1648.9
2024-03-05 13:46:00-05:00,78.8,64.4,29.96,8,150,1682.9
2024-03-05 14:50:00-05:00,80.6,64.4,29.93,8,140,1829.6
2024-03-05 15:50:00-05:00,80.6,62.6,29.91,9,140,1836.2
2024-03-05 16:50:00-05:00,80.6,62.6,29.9,9,130,1847.6
2024-03-06 09:48:00-05:00,71.6,68,29.93,7,230,1297
2024-03-06 10:50:00-05:00,75.2,64.4,29.93,9,250,1490.4
2024-03-06 11:50:00-05:00,78.8,62.6,29.92,9,240,1712.3
2024-03-06 12:50:00-05:00,78.8,64.4,29.9,8,250,1751.1
2024-03-06 13:50:00-05:00,80.6,62.6,29.89,12,240,1859
2024-03-06 14:45:00-05:00,78.8,62.6,29.87,8,250,1769.1
2024-03-06 15:45:00-05:00,78.8,62.6,29.86,9,260,1780.5
2024-03-06 16:50:00-05:00,73.4,62.6,29.87,9,270,1428.6
2024-03-07 09:50:00-05:00,71.6,60.8,29.97,5,60,1184.9
2024-03-07 10:50:00-05:00,75.2,62.6,29.97,3,50,1428.8
2024-03-07 11:50:00-05:00,77,60.8,29.96,4,340,1538.5
2024-03-07 12:50:00-05:00,78.8,60.8,29.95,0,0,1663
2024-03-07 13:50:00-05:00,78.8,60.8,29.91,6,160,1708.4
2024-03-07 14:50:00-05:00,80.6,62.6,29.91,0,0,1836.2
2024-03-07 15:50:00-05:00,78.8,60.8,29.89,5,150,1731.1
2024-03-08 09:50:00-05:00,73.4,69.8,30.04,5,100,1305.2
2024-03-08 10:50:00-05:00,75.2,69.8,30.03,4,110,1430.6
2024-03-08 11:45:00-05:00,78.8,69.8,30.01,6,120,1680
2024-03-08 12:45:00-05:00,80.6,69.8,29.99,7,150,1815.4
2024-03-08 13:50:00-05:00,82.4,66.2,29.96,9,160,1924.7
2024-03-08 14:50:00-05:00,84.2,66.2,29.95,7,180,2047.8
2024-03-08 15:50:00-05:00,84.2,64.4,29.93,5,180,2053.5
2024-03-08 16:50:00-05:00,84.2,64.4,29.93,5,180,2053.5
2024-03-09 09:50:00-05:00,78.8,71.6,29.96,13,210,1756.9
2024-03-09 10:50:00-05:00,80.6,69.8,29.95,13,210,1860.8
2024-03-09 11:50:00-05:00,84.2,69.8,29.94,14,200,2096
2024-03-09 12:50:00-05:00,86,68,29.9,16,200,2233.6
2024-03-09 13:50:00-05:00,84.2,66.2,29.89,14,210,2115.8
2024-03-09 14:50:00-05:00,86,64.4,29.86,10,240,2244.1
2024-03-09 15:50:00-05:00,84.2,66.2,29.86,10,240,2149.9
2024-03-09 16:50:00-05:00,82.4,66.2,29.86,16,250,2038.3
2024-03-10 09:50:00-04:00,68,57.2,29.99,10,350,903.43
2024-03-10 10:50:00-04:00,69.8,55.4,30,11,330,994.75
2024-03-10 11:50:00-04:00,71.6,55.4,30.01,10,340,1098.5
2024-03-10 12:50:00-04:00,71.6,55.4,30,8,320,1109.8
2024-03-10 13:50:00-04:00,73.4,55.4,29.99,7,310,1235.8
2024-03-10 14:50:00-04:00,75.2,53.6,29.97,10,290,1360.5
2024-03-10 15:50:00-04:00,75.2,51.8,29.97,10,320,1349.1
2024-03-10 16:50:00-04:00,75.2,48.2,29.97,10,300,1328.1
2024-03-11 09:50:00-04:00,59,37.4,30.21,9,50,-39.79
2024-03-11 10:50:00-04:00,62.6,39.2,30.22,10,50,192.1
2024-03-11 11:50:00-04:00,66.2,37.4,30.22,9,50,419.22
2024-03-11 12:50:00-04:00,68,39.2,30.22,5,60,542.6
2024-03-11 13:50:00-04:00,69.8,39.2,30.19,8,70,692.33
2024-03-11 14:50:00-04:00,71.6,39.2,30.17,8,40,830.25
2024-03-11 15:50:00-04:00,73.4,41,30.16,8,90,963.85
2024-03-11 16:55:00-04:00,75.2,41,30.16,6,80,1078.2
2024-03-12 09:50:00-04:00,66.2,55.4,30.2,8,110,535.85
2024-03-12 10:50:00-04:00,71.6,57.2,30.2,7,130,895.95
2024-03-12 11:50:00-04:00,73.4,57.2,30.2,8,140,1010.7
2024-03-12 12:50:00-04:00,75.2,55.4,30.17,4,90,1146.1
2024-03-12 13:45:00-04:00,75.2,53.6,30.14,4,120,1168
2024-03-12 14:50:00-04:00,75.2,51.8,30.11,5,180,1190.5
2024-03-12 15:50:00-04:00,78.8,51.8,30.1,4,240,1428.9
2024-03-12 16:50:00-04:00,77,53.6,30.08,0,0,1349.6
2024-03-13 09:50:00-04:00,68,60.8,30.11,0,0,794.98
2024-03-13 10:50:00-04:00,73.4,57.2,30.12,0,0,1101.2
2024-03-13 11:50:00-04:00,75.2,59,30.12,3,200,1229
2024-03-13 12:49:00-04:00,77,57.2,30.1,4,220,1351.8
2024-03-13 13:50:00-04:00,78.8,57.2,30.08,5,300,1487.7
2024-03-13 14:45:00-04:00,78.8,57.2,30.05,5,230,1521.7
2024-03-13 15:45:00-04:00,80.6,55.4,30.04,4,230,1632.9
2024-03-13 16:50:00-04:00,80.6,55.4,30.03,7,300,1644.3
2024-03-14 09:50:00-04:00,71.6,60.8,30.12,7,70,1014.5
2024-03-14 10:50:00-04:00,75.2,62.6,30.14,7,100,1235.9
2024-03-14 11:50:00-04:00,78.8,62.6,30.14,5,90,1462.9
2024-03-14 12:50:00-04:00,78.8,62.6,30.14,3,70,1462.9
2024-03-14 13:50:00-04:00,80.6,62.6,30.11,0,0,1609.6
2024-03-14 14:50:00-04:00,82.4,60.8,30.09,0,0,1729.4
2024-03-14 15:47:00-04:00,84.2,60.8,30.08,0,0,1852.5
2024-03-14 16:50:00-04:00,84.2,60.8,30.08,3,360,1852.5
2024-03-15 10:51:00-04:00,77,64.4,30.11,7,180,1399.6
2024-03-15 11:50:00-04:00,78.8,62.6,30.11,7,170,1496.8
2024-03-15 12:50:00-04:00,80.6,62.6,30.1,3,180,1620.9
2024-03-15 13:50:00-04:00,82.4,60.8,30.09,5,210,1729.4
2024-03-15 14:50:00-04:00,84.2,60.8,30.06,0,0,1875.1
2024-03-15 15:50:00-04:00,86,60.8,30.03,0,0,2020.4
2024-03-15 16:50:00-04:00,84.2,59,30.01,0,0,1917.3
2024-03-16 09:50:00-04:00,69.8,69.8,30.02,3,200,1098.4
2024-03-16 10:50:00-04:00,71.6,71.6,30.02,4,220,1233.5
2024-03-16 11:50:00-04:00,75.2,68,30.02,5,280,1423
2024-03-16 12:50:00-04:00,78.8,66.2,30.02,7,280,1631.8
2024-03-16 13:50:00-04:00,80.6,66.2,30,11,290,1767.2
2024-03-16 14:50:00-04:00,82.4,66.2,29.99,11,240,1890.7
2024-03-16 15:50:00-04:00,82.4,66.2,29.97,6,280,1913.4
2024-03-16 16:50:00-04:00,80.6,66.2,29.95,3,220,1823.9
2024-03-17 09:50:00-04:00,69.8,69.8,29.98,0,0,1144
2024-03-17 10:50:00-04:00,73.4,66.2,29.99,6,250,1325.1
2024-03-17 11:50:00-04:00,75.2,64.4,29.98,8,240,1433.5
2024-03-17 12:50:00-04:00,78.8,64.4,29.94,7,230,1705.6
2024-03-17 13:50:00-04:00,80.6,62.6,29.92,8,250,1824.9
2024-03-17 14:50:00-04:00,82.4,62.6,29.91,6,260,1948.4
2024-03-17 15:50:00-04:00,82.4,62.6,29.88,6,250,1982.5
2024-03-17 16:50:00-04:00,82.4,62.6,29.87,8,250,1993.8
2024-03-18 09:50:00-04:00,75.2,71.6,29.96,5,240,1530.3
2024-03-18 10:50:00-04:00,75.2,71.6,29.95,7,220,1541.7
2024-03-18 11:50:00-04:00,78.8,69.8,29.93,6,250,1771
2024-03-18 12:50:00-04:00,80.6,69.8,29.92,10,260,1894.9
2024-03-18 13:50:00-04:00,82.4,69.8,29.9,11,270,2029.8
2024-03-18 14:50:00-04:00,82.4,68,29.88,13,290,2033.5
2024-03-18 15:50:00-04:00,82.4,64.4,29.87,12,280,2009.9
2024-03-18 16:50:00-04:00,80.6,64.4,29.86,11,270,1909.2
2024-03-19 09:50:00-04:00,57.2,32,30.11,10,30,-63.732
2024-03-19 10:50:00-04:00,57.2,30.2,30.13,14,40,-91.972
2024-03-19 11:50:00-04:00,59,30.2,30.14,11,40,15.455
2024-03-19 12:50:00-04:00,62.6,30.2,30.13,9,50,262.86
2024-03-19 13:50:00-04:00,64.4,30.2,30.1,9,60,414.15
2024-03-19 14:50:00-04:00,66.2,28.4,30.08,6,70,548.43
2024-03-19 15:50:00-04:00,66.2,30.2,30.05,7,30,587.59
2024-03-20 09:50:00-04:00,59,44.6,30.14,6,40,70.82
2024-03-20 10:50:00-04:00,62.6,44.6,30.15,5,10,295.45
2024-03-20 11:50:00-04:00,66.2,42.8,30.13,6,90,543.62
2024-03-20 12:50:00-04:00,68,41,30.12,0,0,663.21
2024-03-20 13:50:00-04:00,69.8,42.8,30.1,4,,809.59
2024-03-20 14:50:00-04:00,71.6,39.2,30.08,0,0,932
2024-03-20 15:50:00-04:00,73.4,39.2,30.05,0,0,1080.7
2024-03-20 16:50:00-04:00,73.4,37.4,30.04,0,0,1085
2024-03-21 09:50:00-04:00,62.6,46.4,30.14,7,50,315.83
2024-03-21 10:50:00-04:00,66.2,46.4,30.14,6,50,549.8
2024-03-21 11:50:00-04:00,69.8,50,30.14,7,110,801.51
2024-03-21 12:50:00-04:00,73.4,53.6,30.12,6,120,1076.3
2024-03-21 13:50:00-04:00,75.2,55.4,30.08,5,80,1247.9
2024-03-21 14:50:00-04:00,78.8,57.2,30.04,7,160,1533
2024-03-21 15:50:00-04:00,80.6,55.4,30,9,120,1678.2
2024-03-22 09:50:00-04:00,66.2,64.4,30.01,13,130,824.13
2024-03-22 10:50:00-04:00,66.2,62.6,29.97,12,140,853.6
2024-03-22 11:50:00-04:00,68,62.6,29.93,14,140,1015.2
2024-03-22 12:50:00-04:00,68,62.6,29.93,11,140,1015.2
2024-03-22 13:50:00-04:00,69.8,62.6,29.94,8,140,1119.3
2024-03-22 14:50:00-04:00,71.6,60.8,29.91,5,150,1253.2
2024-03-22 15:50:00-04:00,71.6,60.8,29.89,8,160,1276
2024-03-22 16:50:00-04:00,71.6,62.6,29.89,5,170,1291.3
2024-03-23 09:50:00-04:00,71.6,66.2,29.77,7,240,1461.8
2024-03-23 10:50:00-04:00,73.4,66.2,29.75,9,290,1599.1
2024-03-23 11:50:00-04:00,73.4,60.8,29.77,13,320,1527.5
2024-03-23 12:50:00-04:00,77,62.6,29.76,11,310,1781.6
2024-03-23 13:50:00-04:00,77,59,29.75,,,1763.2
2024-03-23 14:50:00-04:00,78.8,57.2,29.73,12,290,1885.3
2024-03-23 15:50:00-04:00,78.8,55.4,29.71,14,260,1895.2
2024-03-23 16:50:00-04:00,77,55.4,29.71,8,330,1782.3
2024-03-24 09:50:00-04:00,64.4,57.2,29.92,7,10,750.76
2024-03-24 10:50:00-04:00,69.8,57.2,29.93,9,30,1087.3
2024-03-24 11:46:00-04:00,71.6,59,29.94,12,30,1204.6
2024-03-24 12:50:00-04:00,73.4,59,29.93,14,60,1330.5
2024-03-24 13:50:00-04:00,75.2,59,29.92,9,60,1456
2024-03-24 14:50:00-04:00,77,60.8,29.91,17,40,1595.3
2024-03-24 15:50:00-04:00,77,60.8,29.89,18,50,1618.1
2024-03-24 16:50:00-04:00,73.4,60.8,29.9,16,60,1379.1
2024-03-25 09:50:00-04:00,71.6,55.4,30.03,14,90,1075.8
2024-03-25 10:50:00-04:00,73.4,53.6,30.04,15,100,1166.9
2024-03-25 11:50:00-04:00,77,55.4,30.04,15,90,1406.9
2024-03-25 12:50:00-04:00,78.8,55.4,30.02,18,90,1542.8
2024-03-25 13:47:00-04:00,78.8,57.2,30.02,17,90,1555.6
2024-03-25 14:45:00-04:00,80.6,57.2,29.99,12,90,1702.3
2024-03-25 15:50:00-04:00,80.6,59,29.96,13,100,1749.9
2024-03-25 16:50:00-04:00,78.8,59,29.96,15,90,1637.2
2024-03-26 09:50:00-04:00,71.6,62.6,29.97,12,150,1200.1
2024-03-26 10:50:00-04:00,75.2,62.6,29.95,15,150,1451.5
2024-03-26 11:50:00-04:00,78.8,62.6,29.96,12,140,1666.8
2024-03-26 12:50:00-04:00,80.6,62.6,29.93,13,170,1813.5
2024-03-26 13:50:00-04:00,82.4,62.6,29.92,11,150,1937
2024-03-26 14:50:00-04:00,82.4,62.6,29.91,10,160,1948.4
2024-03-26 15:50:00-04:00,82.4,62.6,29.89,4,160,1971.1
2024-03-26 16:50:00-04:00,84.2,60.8,29.9,4,180,2056.2
2024-03-27 09:50:00-04:00,75.2,68,29.96,10,170,1491.3
2024-03-27 10:50:00-04:00,77,66.2,29.96,13,180,1586.8
2024-03-27 11:50:00-04:00,80.6,66.2,29.96,9,150,1812.6
2024-03-27 12:50:00-04:00,82.4,66.2,29.97,8,130,1913.4
2024-03-27 14:50:00-04:00,82.4,66.2,29.96,0,0,1924.7
2024-03-27 15:50:00-04:00,80.6,68,29.97,10,350,1819.2
2024-03-27 16:10:00-04:00,75.2,60.8,29.99,26,350,1390.8
2024-03-28 09:50:00-04:00,71.6,71.6,29.88,6,230,1393.3
2024-03-28 10:48:00-04:00,69.8,66.2,29.91,17,320,1186.8
2024-03-28 11:51:00-04:00,71.6,66.2,29.92,9,310,1290.3
2024-03-28 12:50:00-04:00,75.2,60.8,29.92,11,320,1470.4
2024-03-28 13:50:00-04:00,75.2,59,29.91,19,330,1467.3
2024-03-28 14:50:00-04:00,77,55.4,29.9,19,330,1565.8
2024-03-28 15:50:00-04:00,78.8,50,29.9,17,300,1644.5
2024-03-28 16:50:00-04:00,78.8,51.8,29.91,10,310,1644
2024-03-29 09:50:00-04:00,64.4,44.6,30.17,7,50,390.02
2024-03-29 10:50:00-04:00,68,44.6,30.18,4,360,611.75
2024-03-29 11:50:00-04:00,71.6,37.4,30.19,6,40,800.64
2024-03-29 12:50:00-04:00,73.4,33.8,30.17,3,50,925.27
2024-03-29 13:50:00-04:00,75.2,33.8,30.14,4,50,1073.5
2024-03-29 14:50:00-04:00,75.2,35.6,30.12,5,350,1102.2
2024-03-29 15:50:00-04:00,78.8,33.8,30.09,8,80,1357.1
2024-03-29 16:50:00-04:00,78.8,32,30.09,0,0,1351.3
2024-03-30 09:50:00-04:00,68,55.4,30.18,6,130,674.76
2024-03-30 10:50:00-04:00,71.6,55.4,30.19,7,140,894.46
2024-03-30 11:50:00-04:00,75.2,55.4,30.2,5,180,1112.3
2024-03-30 12:50:00-04:00,78.8,53.6,30.19,9,170,1338.7
2024-03-30 13:50:00-04:00,78.8,51.8,30.17,0,0,1349.9
2024-03-30 14:50:00-04:00,78.8,51.8,30.14,3,270,1383.7
2024-03-30 15:50:00-04:00,80.6,51.8,30.12,4,210,1519.2
2024-03-31 09:50:00-04:00,69.8,62.6,30.18,0,0,846.44
2024-03-31 10:17:00-04:00,71.6,60.8,30.18,4,110,946.48
2024-03-31 11:50:00-04:00,75.2,57.2,30.18,3,180,1147.6
2024-03-31 12:50:00-04:00,78.8,59,30.17,6,160,1399.6
2024-03-31 13:50:00-04:00,75.2,55.4,30.15,0,0,1168.7
2024-03-31 14:50:00-04:00,78.8,55.4,30.14,3,330,1407.2
2024-03-31 15:50:00-04:00,80.6,55.4,30.12,0,0,1542.6
2024-03-31 16:47:00-04:00,78.8,55.4,30.11,0,0,1441
2025-03-01 09:50:00-05:00,64.4,57.2,30.07,3,350,579.68
2025-03-01 10:50:00-05:00,68,53.6,30.07,0,0,787.42
2025-03-01 11:50:00-05:00,71.6,50,30.05,8,300,1018.7
2025-03-01 12:50:00-05:00,73.4,48.2,30.01,4,280,1168.6
2025-03-01 13:50:00-05:00,73.4,46.4,29.98,8,280,1193
2025-03-01 14:50:00-05:00,73.4,46.4,29.95,8,280,1227.1
2025-03-01 15:50:00-05:00,73.4,46.4,29.95,8,280,1227.1
2025-03-01 16:50:00-05:00,71.6,46.4,29.94,8,270,1123.8
2025-03-02 09:50:00-05:00,66.2,66.2,30.05,8,340,795.59
2025-03-02 10:50:00-05:00,69.8,57.2,30.05,8,340,950.77
2025-03-02 11:50:00-05:00,69.8,50,30.04,8,340,914.89
2025-03-02 12:50:00-05:00,75.2,48.2,30.03,8,280,1260.1
2025-03-02 13:50:00-05:00,75.2,42.8,29.99,5,280,1278.3
2025-03-02 14:50:00-05:00,77,41,29.99,7,310,1384.1
2025-03-02 15:50:00-05:00,77,41,29.99,7,310,1384.1
2025-03-02 16:50:00-05:00,75.2,37.4,29.98,8,300,1267.1
2025-03-03 09:50:00-05:00,62.6,55.4,30.15,8,40,358.66
2025-03-03 10:50:00-05:00,62.6,55.4,30.15,8,40,358.66
2025-03-03 11:50:00-05:00,69.8,55.4,30.15,4,110,824.48
2025-03-03 12:50:00-05:00,71.6,50,30.12,0,0,939.4
2025-03-03 13:50:00-05:00,75.2,51.8,30.1,0,0,1201.8
2025-03-03 14:50:00-05:00,75.2,51.8,30.08,5,140,1224.4
2025-03-03 15:50:00-05:00,75.2,51.8,30.07,4,110,1235.7
2025-03-03 16:50:00-05:00,77,50,30.08,4,90,1327.4
2025-03-04 09:50:00-05:00,73.4,64.4,30.12,16,110,1160.4
2025-03-04 10:50:00-05:00,75.2,62.6,30.12,12,110,1258.5
2025-03-04 11:50:00-05:00,75.2,59,30.11,13,120,1240.3
2025-03-04 12:50:00-05:00,78.8,59,30.07,13,120,1512.6
2025-03-04 13:50:00-05:00,80.6,57.2,30.04,14,130,1645.7
2025-03-04 14:50:00-05:00,80.6,55.4,30.03,14,140,1644.3
2025-03-04 15:50:00-05:00,78.8,57.2,30.01,14,130,1567
2025-03-04 16:50:00-05:00,78.8,57.2,29.99,16,160,1589.6
2025-03-05 09:50:00-05:00,75.2,75.2,29.89,16,180,1653.8
2025-03-05 10:50:00-05:00,78.8,77,29.86,18,190,1937.9
2025-03-05 12:50:00-05:00,77,75.2,29.81,20,210,1858.6
2025-03-05 13:50:00-05:00,68,68,29.84,9,250,1169.6
2025-03-05 14:50:00-05:00,69.8,62.6,29.82,8,230,1256.4
2025-03-05 15:50:00-05:00,73.4,55.4,29.82,,,1429.3
2025-03-05 16:50:00-05:00,73.4,55.4,29.82,14,240,1429.3
2025-03-06 09:50:00-05:00,60.8,39.2,30.01,12,310,312.89
2025-03-06 10:50:00-05:00,62.6,39.2,30.01,15,300,430.53
2025-03-06 11:50:00-05:00,64.4,37.4,29.99,15,300,563.33
2025-03-06 12:50:00-05:00,66.2,35.6,29.98,15,300,684.68
2025-03-06 13:50:00-05:00,66.2,35.6,29.98,16,320,684.68
2025-03-06 14:50:00-05:00,66.2,37.4,29.96,13,300,714.08
2025-03-06 15:50:00-05:00,66.2,35.6,29.96,13,300,707.43
2025-03-06 16:50:00-05:00,66.2,35.6,29.96,13,300,707.43
2025-03-07 09:50:00-05:00,62.6,37.4,30.13,5,30,287.06
2025-03-07 10:50:00-05:00,66.2,37.4,30.14,5,60,509.74
2025-03-07 11:50:00-05:00,71.6,37.4,30.13,4,140,868.4
2025-03-07 12:50:00-05:00,71.6,33.8,30.11,0,0,878.19
2025-03-07 13:50:00-05:00,71.6,33.8,30.09,3,30,900.8
2025-03-07 15:50:00-05:00,77,33.8,30.05,7,270,1288.9
2025-03-07 16:50:00-05:00,77,30.2,30.05,7,270,1277.6
2025-03-08 09:50:00-05:00,68,64.4,30.06,0,0,883.2
2025-03-08 10:50:00-05:00,73.4,51.8,30.05,8,200,1144.2
2025-03-08 11:50:00-05:00,77,46.4,30.05,5,250,1341.7
2025-03-08 12:50:00-05:00,78.8,46.4,30.02,8,220,1488.8
2025-03-08 13:50:00-05:00,80.6,48.2,30,8,200,1633.8
2025-03-08 14:50:00-05:00,82.4,44.6,29.98,8,300,1750.2
2025-03-08 15:50:00-05:00,80.6,53.6,29.96,8,300,1711.4
2025-03-08 16:50:00-05:00,78.8,53.6,29.97,8,260,1587.4
2025-03-09 09:50:00-04:00,69.8,68,29.99,5,190,1113.6
2025-03-09 10:50:00-04:00,73.4,73.4,30,8,200,1391.9
2025-03-09 12:50:00-04:00,80.6,71.6,30.02,7,260,1801.3
2025-03-09 13:50:00-04:00,80.6,69.8,30,10,260,1804
2025-03-09 14:50:00-04:00,82.4,69.8,29.98,9,280,1938.9
2025-03-09 15:50:00-04:00,82.4,69.8,29.98,9,280,1938.9
2025-03-09 16:50:00-04:00,82.4,68,29.95,9,260,1954
2025-03-10 09:50:00-04:00,75.2,75.2,29.81,17,220,1745.3
2025-03-10 10:50:00-04:00,75.2,75.2,29.81,17,220,1745.3
2025-03-10 11:50:00-04:00,69.8,69.8,29.85,9,270,1292.6
2025-03-10 12:50:00-04:00,69.8,69.8,29.84,13,280,1304
2025-03-10 13:50:00-04:00,73.4,73.4,29.81,14,260,1609
2025-03-10 14:50:00-04:00,73.4,64.4,29.8,18,260,1524.7
2025-03-10 15:50:00-04:00,71.6,59,29.8,21,270,1364.3
2025-03-10 16:50:00-04:00,69.8,55.4,29.8,18,270,1222.8
2025-03-11 09:50:00-04:00,60.8,55.4,30.02,10,290,389.08
2025-03-11 10:50:00-04:00,64.4,53.6,30.04,9,300,588.79
2025-03-11 11:50:00-04:00,69.8,50,30.04,11,300,914.89
2025-03-11 12:50:00-04:00,71.6,46.4,30.03,14,300,1021.6
2025-03-11 13:50:00-04:00,75.2,46.4,30.01,10,290,1273.2
2025-03-11 14:50:00-04:00,75.2,42.8,29.99,10,300,1278.3
2025-03-11 15:50:00-04:00,77,39.2,29.97,13,300,1399.2
2025-03-11 16:50:00-04:00,77,33.8,29.96,11,300,1390.7
2025-03-12 09:50:00-04:00,62.6,60.8,30.12,4,320,433.7
2025-03-12 10:50:00-04:00,66.2,53.6,30.12,8,310,614.48
2025-03-12 11:50:00-04:00,69.8,50,30.11,4,,835.5
2025-03-12 12:50:00-04:00,71.6,46.4,30.08,0,0,964.97
2025-03-12 13:50:00-04:00,73.4,46.4,30.06,0,0,1102.3
2025-03-12 14:50:00-04:00,77,42.8,30.03,7,260,1346.8
2025-03-12 15:50:00-04:00,77,42.8,30.02,5,250,1358.1
2025-03-12 16:50:00-04:00,78.8,44.6,30,4,290,1502.5
2025-03-13 09:50:00-04:00,64.4,64.4,30.07,3,180,639.17
2025-03-13 10:50:00-04:00,69.8,60.8,30.08,0,0,944.7
2025-03-13 11:50:00-04:00,71.6,59,30.09,11,270,1034.1
2025-03-13 12:50:00-04:00,75.2,59,30.06,11,210,1297
2025-03-13 13:50:00-04:00,73.4,57.2,30.05,13,260,1180.6
2025-03-13 14:50:00-04:00,77,57.2,30.03,8,260,1431.1
2025-03-13 15:50:00-04:00,77,57.2,30,,,1465.1
2025-03-13 16:50:00-04:00,77,57.2,29.98,11,260,1487.8
2025-03-14 10:50:00-04:00,71.6,59,30.04,6,50,1090.9
2025-03-14 11:50:00-04:00,73.4,60.8,30.03,4,120,1231.2
2025-03-14 12:50:00-04:00,75.2,59,30.03,7,50,1331
2025-03-14 13:50:00-04:00,75.2,57.2,30.01,4,50,1340.1
2025-03-14 14:50:00-04:00,78.8,57.2,29.98,8,90,1601
2025-03-14 15:50:00-04:00,80.6,57.2,29.95,10,90,1747.7
2025-03-14 16:50:00-04:00,80.6,57.2,29.95,58,120,1747.7
2025-03-15 09:50:00-04:00,73.4,71.6,29.95,10,140,1427.8
2025-03-15 10:50:00-04:00,77,75.2,29.96,16,145,1687.3
2025-03-15 11:50:00-04:00,80.6,69.8,29.96,16,140,1849.5
2025-03-15 12:50:00-04:00,84.2,62.6,29.94,13,150,2026.1
2025-03-15 13:50:00-04:00,84.2,62.6,29.91,13,150,2060.1
2025-03-15 14:50:00-04:00,86,59,29.89,15,130,2164.4
2025-03-15 15:50:00-04:00,87.8,59,29.87,8,160,2297.8
2025-03-15 16:50:00-04:00,86,55.4,29.84,10,130,2194.7
2025-03-16 09:50:00-04:00,77,77,29.95,13,170,1722.2
2025-03-16 10:50:00-04:00,80.6,78.8,29.97,18,170,1949.7
2025-03-16 11:50:00-04:00,84.2,75.2,29.95,18,170,2148
2025-03-16 12:50:00-04:00,84.2,75.2,29.95,18,170,2148
2025-03-16 13:50:00-04:00,84.2,69.8,29.91,19,180,2130
2025-03-16 14:50:00-04:00,84.2,71.6,29.92,13,200,2138.7
2025-03-16 15:50:00-04:00,82.4,71.6,29.95,15,240,1993
2025-03-16 16:50:00-04:00,80.6,71.6,29.95,11,220,1880.9
2025-03-17 09:50:00-04:00,60.8,48.2,30.15,15,310,196.34
2025-03-17 10:50:00-04:00,62.6,41,30.17,15,310,256.27
2025-03-17 11:50:00-04:00,64.4,35.6,30.19,17,320,329.71
2025-03-17 12:50:00-04:00,64.4,33.8,30.18,14,320,334.81
2025-03-17 13:50:00-04:00,66.2,33.8,30.15,16,310,485.57
2025-03-17 14:50:00-04:00,68,33.8,30.13,16,300,624.5
2025-03-17 15:50:00-04:00,68,35.6,30.11,14,290,653.35
2025-03-17 16:50:00-04:00,66.2,35.6,30.11,20,280,537.1
2025-03-18 09:50:00-04:00,60.8,35.6,30.22,10,10,60.582
2025-03-18 10:50:00-04:00,64.4,33.8,30.23,10,30,278.25
2025-03-18 11:50:00-04:00,68,33.8,30.22,9,20,522.76
2025-03-18 12:50:00-04:00,73.4,30.2,30.2,9,20,880.2
2025-03-18 13:50:00-04:00,75.2,30.2,30.18,8,50,1017.1
2025-03-18 14:50:00-04:00,77,30.2,30.16,7,20,1153.6
2025-03-18 15:50:00-04:00,77,26.6,30.15,12,60,1155
2025-03-18 16:50:00-04:00,77,26.6,30.13,7,20,1177.5
2025-03-19 09:50:00-04:00,64.4,62.6,30.15,4,150,531.96
2025-03-19 10:50:00-04:00,69.8,48.2,30.15,5,160,780.04
2025-03-19 11:50:00-04:00,73.4,44.6,30.14,0,0,1002.9
2025-03-19 12:50:00-04:00,77,42.8,30.12,0,0,1245.1
2025-03-19 13:50:00-04:00,77,41,30.1,5,170,1259.7
2025-03-19 15:50:00-04:00,80.6,37.4,30.04,0,0,1539.1
2025-03-19 16:50:00-04:00,82.4,39.2,30.02,0,0,1681.1
2025-03-20 09:50:00-04:00,66.2,66.2,30.06,10,220,784.19
2025-03-20 10:50:00-04:00,73.4,64.4,30.06,11,240,1228.5
2025-03-20 11:50:00-04:00,75.2,57.2,30.06,12,230,1283.4
2025-03-20 12:50:00-04:00,78.8,53.6,30.04,15,230,1508.1
2025-03-20 13:50:00-04:00,80.6,50,30.02,13,230,1621.3
2025-03-20 14:50:00-04:00,80.6,59,29.99,16,260,1715.9
2025-03-20 15:50:00-04:00,80.6,57.2,29.96,15,250,1736.3
2025-03-20 16:50:00-04:00,80.6,60.8,29.94,70,0,1787
2025-03-21 09:50:00-04:00,50,33.8,30.2,12,350,-640.68
2025-03-21 10:50:00-04:00,53.6,33.8,30.21,9,330,-410.75
2025-03-21 11:50:00-04:00,55.4,33.8,30.2,12,320,-279.51
2025-03-21 12:50:00-04:00,60.8,33.8,30.19,12,340,88.356
2025-03-21 13:50:00-04:00,62.6,33.8,30.17,3,360,228.84
2025-03-21 14:50:00-04:00,64.4,33.8,30.14,5,330,380.12
2025-03-21 15:50:00-04:00,66.2,33.8,30.11,6,330,530.88
2025-03-21 16:50:00-04:00,66.2,33.8,30.1,3,70,542.21
2025-03-22 09:50:00-04:00,59,55.4,30.24,0,0,20.423
2025-03-22 10:50:00-04:00,62.6,48.2,30.24,0,0,212
2025-03-22 11:50:00-04:00,66.2,44.6,30.24,4,230,427.58
2025-03-22 12:50:00-04:00,68,42.8,30.22,6,180,558.05
2025-03-22 16:50:00-04:00,73.4,33.8,30.1,6,310,1004.3
2025-03-23 09:50:00-04:00,62.6,50,30.18,8,70,290.2
2025-03-23 10:50:00-04:00,66.2,50,30.2,5,80,501.55
2025-03-23 11:50:00-04:00,69.8,51.8,30.2,5,80,744.38
2025-03-23 12:50:00-04:00,75.2,55.4,30.19,7,140,1123.6
2025-03-23 13:50:00-04:00,75.2,53.6,30.17,10,130,1134.1
2025-03-23 14:50:00-04:00,78.8,55.4,30.13,9,160,1418.5
2025-03-23 15:50:00-04:00,78.8,50,30.12,7,160,1395.6
2025-03-23 16:50:00-04:00,78.8,53.6,30.1,5,130,1440.3
2025-03-24 09:50:00-04:00,71.6,71.6,30.13,8,190,1108.3
2025-03-24 11:50:00-04:00,80.6,68,30.11,8,180,1660.5
2025-03-24 12:50:00-04:00,80.6,66.2,30.09,7,180,1665.2
2025-03-24 13:50:00-04:00,82.4,64.4,30.06,7,180,1794.5
2025-03-24 14:50:00-04:00,82.4,64.4,30.05,9,240,1805.8
2025-03-24 15:50:00-04:00,84.2,66.2,30.03,11,250,1957.1
2025-03-24 16:50:00-04:00,82.4,66.2,30.02,8,230,1856.7
2025-03-25 09:49:00-04:00,69.8,69.8,30.11,7,20,995.9
2025-03-25 10:48:00-04:00,69.8,69.8,30.12,6,30,984.53
2025-03-25 11:48:00-04:00,71.6,71.6,30.12,6,30,1119.7
2025-03-25 12:50:00-04:00,77,75.2,30.1,3,20,1528
2025-03-25 13:50:00-04:00,80.6,68,30.09,0,0,1683.1
2025-03-25 14:50:00-04:00,82.4,62.6,30.06,0,0,1778.5
2025-03-25 15:50:00-04:00,84.2,60.8,30.04,0,0,1897.7
2025-03-25 16:50:00-04:00,84.2,59,30.03,5,250,1894.7
2025-03-26 09:50:00-04:00,68,66.2,30.19,6,340,752.45
2025-03-26 10:50:00-04:00,73.4,57.2,30.2,8,50,1010.7
2025-03-26 11:50:00-04:00,77,53.6,30.2,8,10,1214.1
2025-03-26 12:50:00-04:00,77,53.6,30.19,6,20,1225.3
2025-03-26 13:50:00-04:00,82.4,50,30.15,10,70,1587
2025-03-26 14:50:00-04:00,82.4,48.2,30.12,10,70,1610.7
2025-03-26 15:50:00-04:00,84.2,48.2,30.11,10,80,1733.9
2025-03-26 16:50:00-04:00,86,48.2,30.1,7,360,1856.7
2025-03-27 09:50:00-04:00,73.4,71.6,30.25,6,90,1086.9
2025-03-27 10:50:00-04:00,77,62.6,30.27,7,100,1202.9
2025-03-27 11:50:00-04:00,78.8,57.2,30.28,9,80,1262.2
2025-03-27 12:50:00-04:00,80.6,55.4,30.28,8,100,1362.4
2025-03-27 13:50:00-04:00,82.4,50,30.25,9,70,1474.6
2025-03-27 14:50:00-04:00,82.4,50,30.23,11,70,1497.1
2025-03-27 15:50:00-04:00,82.4,50,30.2,11,70,1530.8
2025-03-27 16:50:00-04:00,82.4,50,30.19,9,80,1542
2025-03-28 09:50:00-04:00,71.6,60.8,30.28,10,100,833.4
2025-03-28 10:50:00-04:00,75.2,57.2,30.3,15,110,1012.3
2025-03-28 11:50:00-04:00,77,55.4,30.3,14,90,1113.5
2025-03-28 13:50:00-04:00,80.6,55.4,30.25,15,90,1396.1
2025-03-28 14:50:00-04:00,80.6,53.6,30.22,16,90,1417.9
2025-03-28 15:50:00-04:00,78.8,55.4,30.2,16,110,1339.5
2025-03-28 16:50:00-04:00,78.8,55.4,30.18,16,110,1362
2025-03-29 09:50:00-04:00,73.4,66.2,30.2,12,120,1086.7
2025-03-29 11:50:00-04:00,78.8,62.6,30.2,13,120,1395.2
2025-03-29 12:50:00-04:00,80.6,60.8,30.18,13,120,1515.5
2025-03-29 13:50:00-04:00,80.6,60.8,30.15,11,100,1549.3
2025-03-29 14:50:00-04:00,82.4,60.8,30.11,11,100,1706.8
2025-03-29 15:50:00-04:00,82.4,60.8,30.08,8,100,1740.7
2025-03-29 16:50:00-04:00,82.4,60.8,30.07,14,90,1752
2025-03-30 09:50:00-04:00,77,77,30.07,12,150,1585.6
2025-03-30 10:50:00-04:00,78.8,75.2,30.08,14,140,1663.9
2025-03-30 11:50:00-04:00,82.4,71.6,30.08,12,170,1845.5
2025-03-30 12:50:00-04:00,84.2,71.6,30.06,15,130,1979.9
2025-03-30 13:50:00-04:00,84.2,69.8,30.04,8,150,1982.6
2025-03-30 14:50:00-04:00,87.8,69.8,30,11,170,2250
2025-03-30 15:50:00-04:00,87.8,68,29.97,11,160,2265
2025-03-30 16:50:00-04:00,78.8,78.8,29.98,6,270,1825.8
2025-03-31 09:50:00-04:00,68,68,30,0,0,986.66
2025-03-31 10:50:00-04:00,75.2,75.2,29.99,5,200,1539.6
2025-03-31 11:50:00-04:00,80.6,80.6,30,6,220,1941.6
2025-03-31 12:50:00-04:00,84.2,75.2,29.97,6,220,2125.2
2025-03-31 13:50:00-04:00,87.8,71.6,29.96,5,220,2315.2
2025-03-31 14:50:00-04:00,91.4,64.4,29.94,6,230,2484.4
2025-03-31 15:50:00-04:00,69.8,66.2,29.92,3,250,1175.4
2025-03-31 16:50:00-04:00,89.6,69.8,29.91,9,270,2462.2
2026-03-01 09:50:00-05:00,64.4,60.8,30.15,10,40,516.72
2026-03-01 10:50:00-05:00,68,60.8,30.16,9,30,738.22
2026-03-01 11:50:00-05:00,71.6,62.6,30.15,9,50,995.64
2026-03-01 12:50:00-05:00,77,64.4,30.12,13,60,1388.3
2026-03-01 13:50:00-05:00,80.6,62.6,30.09,8,30,1632.2
2026-03-01 15:50:00-05:00,80.6,60.8,30.07,7,80,1639.7
2026-03-01 16:50:00-05:00,78.8,60.8,30.08,10,100,1515.6
2026-03-02 09:50:00-05:00,73.4,62.6,30.22,8,80,1031.1
2026-03-02 10:50:00-05:00,77,62.6,30.22,9,70,1259.3
2026-03-02 11:50:00-05:00,78.8,60.8,30.21,8,100,1368.8
2026-03-02 12:50:00-05:00,82.4,59,30.18,10,70,1613.6
2026-03-02 13:50:00-05:00,80.6,57.2,30.16,7,60,1510.2
2026-03-02 14:50:00-05:00,80.6,57.2,30.14,9,60,1532.8
2026-03-02 15:50:00-05:00,80.6,55.4,30.13,4,80,1531.3
2026-03-02 16:50:00-05:00,82.4,55.4,30.13,11,50,1643.7
2026-03-03 09:50:00-05:00,75.2,66.2,30.25,11,90,1144.5
2026-03-03 10:50:00-05:00,78.8,64.4,30.26,15,50,1343.5
2026-03-03 11:50:00-05:00,77,64.4,30.25,14,90,1241.4
2026-03-03 12:50:00-05:00,78.8,64.4,30.22,13,80,1388.6
2026-03-03 13:50:00-05:00,77,64.4,30.21,14,80,1286.5
2026-03-03 14:50:00-05:00,78.8,64.4,30.19,14,100,1422.5
2026-03-03 15:50:00-05:00,78.8,62.6,30.19,13,100,1406.5
2026-03-03 16:50:00-05:00,77,64.4,30.19,13,50,1309.1
2026-03-04 09:50:00-05:00,73.4,68,30.26,9,90,1036.7
2026-03-04 10:50:00-05:00,80.6,68,30.26,8,110,1491.1
2026-03-04 11:50:00-05:00,80.6,66.2,30.25,13,90,1484.5
2026-03-04 12:50:00-05:00,82.4,64.4,30.22,13,90,1613.9
2026-03-04 13:50:00-05:00,82.4,64.4,30.19,12,80,1647.7
2026-03-04 14:50:00-05:00,82.4,64.4,30.16,12,70,1681.5
2026-03-04 15:50:00-05:00,86,62.6,30.14,13,70,1911.4
2026-03-04 16:50:00-05:00,82.4,64.4,30.14,11,90,1704.1
2026-03-05 09:50:00-05:00,78.8,69.8,30.21,12,130,1453.5
2026-03-05 10:50:00-05:00,82.4,68,30.21,11,110,1659.8
2026-03-05 11:50:00-05:00,84.2,68,30.2,7,110,1783
2026-03-05 12:50:00-05:00,84.2,66.2,30.17,6,130,1799
2026-03-05 13:50:00-05:00,86,66.2,30.15,9,140,1933
2026-03-05 14:50:00-05:00,84.2,64.4,30.12,6,60,1838.5
2026-03-05 15:50:00-05:00,78.8,66.2,30.12,16,90,1518.5
2026-03-05 16:50:00-05:00,75.2,68,30.13,7,80,1298.1
2026-03-06 09:50:00-05:00,78.8,69.8,30.25,9,120,1408.3
2026-03-06 10:50:00-05:00,80.6,68,30.25,10,160,1502.3
2026-03-06 11:50:00-05:00,84.2,66.2,30.24,13,150,1720.2
2026-03-06 12:50:00-05:00,86,64.4,30.2,7,100,1859.8
2026-03-06 13:50:00-05:00,84.2,62.6,30.17,9,110,1766.2
2026-03-06 14:50:00-05:00,87.8,60.8,30.15,9,80,1996
2026-03-06 15:50:00-05:00,87.8,62.6,30.14,10,80,2022.4
2026-03-06 16:50:00-05:00,86,62.6,30.14,10,90,1911.4
2026-03-07 09:50:00-05:00,77,69.8,30.21,11,120,1340.2
2026-03-07 10:50:00-05:00,80.6,68,30.21,11,120,1547.5
2026-03-07 11:50:00-05:00,82.4,64.4,30.19,9,110,1647.7
2026-03-07 12:50:00-05:00,84.2,64.4,30.16,8,110,1793.4
2026-03-07 13:50:00-05:00,84.2,64.4,30.13,7,70,1827.2
2026-03-07 14:50:00-05:00,82.4,64.4,30.11,13,110,1738
2026-03-07 15:50:00-05:00,84.2,64.4,30.1,12,130,1861.1
2026-03-07 16:50:00-05:00,84.2,62.6,30.09,13,100,1856.4
2026-03-08 09:50:00-04:00,73.4,69.8,30.14,0,0,1191.6
2026-03-08 10:50:00-04:00,78.8,69.8,30.14,9,150,1532.6
2026-03-08 11:50:00-04:00,78.8,68,30.13,7,170,1525.1
2026-03-08 12:50:00-04:00,84.2,64.4,30.12,6,130,1838.5
2026-03-08 13:50:00-04:00,84.2,62.6,30.1,3,140,1845.1
2026-03-08 14:50:00-04:00,82.4,64.4,30.09,6,270,1760.6
2026-03-08 15:50:00-04:00,87.8,62.6,30.05,0,0,2123.8
2026-03-08 16:50:00-04:00,86,62.6,30.03,12,290,2035.5
2026-03-09 09:50:00-04:00,68,68,30.2,0,0,759.05
2026-03-09 10:50:00-04:00,75.2,69.8,30.2,0,0,1237.8
2026-03-09 11:50:00-04:00,77,69.8,30.2,0,0,1351.5
2026-03-09 12:50:00-04:00,80.6,68,30.18,0,0,1581.3
2026-03-09 13:50:00-04:00,84.2,66.2,30.16,4,240,1810.3
2026-03-09 14:50:00-04:00,82.4,66.2,30.14,4,340,1721
2026-03-09 15:50:00-04:00,87.8,64.4,30.11,3,150,2072.1
2026-03-09 16:50:00-04:00,86,64.4,30.11,5,130,1961.2
2026-03-10 09:50:00-04:00,75.2,69.8,30.22,7,120,1215.1
2026-03-10 10:50:00-04:00,80.6,69.8,30.21,3,120,1566.3
2026-03-10 11:50:00-04:00,80.6,69.8,30.22,3,90,1555
2026-03-10 12:50:00-04:00,84.2,66.2,30.2,7,90,1765.2
2026-03-10 13:50:00-04:00,89.6,64.4,30.18,7,140,2103.9
2026-03-10 14:50:00-04:00,89.6,62.6,30.14,7,140,2132.9
2026-03-10 15:50:00-04:00,87.8,62.6,30.12,8,100,2044.9
2026-03-10 16:50:00-04:00,87.8,60.8,30.11,9,110,2041.1
2026-03-11 09:50:00-04:00,75.2,69.8,30.17,7,170,1271.7
2026-03-11 10:50:00-04:00,80.6,68,30.18,8,160,1581.3
2026-03-11 13:50:00-04:00,87.8,62.6,30.13,10,150,2033.6
2026-03-11 14:50:00-04:00,87.8,62.6,30.1,3,170,2067.4
2026-03-11 15:50:00-04:00,89.6,60.8,30.08,9,130,2185.4
2026-03-11 16:50:00-04:00,87.8,59,30.06,7,160,2083.1
2026-03-12 09:50:00-04:00,77,71.6,30.05,11,200,1541.5
2026-03-12 10:50:00-04:00,80.6,69.8,30.04,13,220,1758.7
2026-03-12 11:50:00-04:00,80.6,68,30.03,13,230,1751.1
2026-03-12 12:50:00-04:00,84.2,66.2,30.01,14,240,1979.8
2026-03-12 13:50:00-04:00,86,64.4,29.99,15,230,2096.8
2026-03-12 14:50:00-04:00,84.2,66.2,29.96,15,230,2036.4
2026-03-12 15:50:00-04:00,80.6,68,29.95,14,260,1841.9
2026-03-12 16:50:00-04:00,73.4,68,29.95,18,340,1388.6
2026-03-13 09:50:00-04:00,68,62.6,30.1,7,40,821.58
2026-03-13 10:50:00-04:00,73.4,66.2,30.09,13,80,1211.4
2026-03-13 11:50:00-04:00,78.8,64.4,30.08,13,110,1546.8
2026-03-13 12:50:00-04:00,77,64.4,30.07,11,100,1445
2026-03-13 13:50:00-04:00,77,64.4,30.06,7,80,1456.3
2026-03-13 14:50:00-04:00,77,64.4,30.04,8,70,1479
2026-03-13 15:50:00-04:00,77,66.2,30.02,11,80,1518.7
2026-03-13 16:50:00-04:00,77,66.2,30.01,11,90,1530
2026-03-14 09:50:00-04:00,73.4,66.2,30.09,7,80,1211.4
2026-03-14 10:50:00-04:00,78.8,68,30.1,10,80,1559
2026-03-14 11:50:00-04:00,78.8,66.2,30.1,8,100,1541.1
2026-03-14 12:50:00-04:00,80.6,66.2,30.08,9,100,1676.5
2026-03-14 13:50:00-04:00,82.4,66.2,30.05,6,40,1822.7
2026-03-14 14:50:00-04:00,87.8,60.8,30.02,4,200,2142.6
2026-03-14 15:50:00-04:00,84.2,60.8,29.99,6,60,1954.3
2026-03-14 16:50:00-04:00,82.4,64.4,29.98,8,110,1885.1
2026-03-15 09:50:00-04:00,73.4,68,30.04,4,150,1286.2
2026-03-15 10:50:00-04:00,78.8,68,30.05,6,150,1615.7
2026-03-15 11:50:00-04:00,82.4,66.2,30.03,11,170,1845.4
2026-03-15 12:50:00-04:00,84.2,66.2,30.01,9,150,1979.8
2026-03-15 13:50:00-04:00,84.2,68,29.97,5,180,2043
2026-03-15 14:50:00-04:00,77,71.6,29.95,8,250,1655.2
2026-03-15 15:50:00-04:00,77,73.4,29.91,7,250,1722
2026-03-15 16:50:00-04:00,75.2,71.6,29.93,5,200,1564.5
2026-03-16 09:50:00-04:00,73.4,71.6,29.87,11,180,1519.1
2026-03-16 10:50:00-04:00,80.6,73.4,29.86,12,200,2004.5
2026-03-16 11:50:00-04:00,82.4,71.6,29.86,14,190,2095.3
2026-03-16 12:50:00-04:00,86,69.8,29.86,19,190,2298
2026-03-16 13:50:00-04:00,86,68,29.85,20,211,2290.4
2026-03-16 14:50:00-04:00,86,66.2,29.83,20,220,2295.2
2026-03-16 15:50:00-04:00,84.2,68,29.81,19,230,2224.8
2026-03-16 16:50:00-04:00,80.6,69.8,29.82,13,250,2008.8
2026-03-17 09:50:00-04:00,48.2,28.4,30.19,12,360,-767.27
2026-03-17 10:50:00-04:00,50,30.2,30.19,12,340,-640.66
2026-03-17 11:50:00-04:00,50,30.2,30.19,10,340,-640.66
2026-03-17 12:50:00-04:00,53.6,30.2,30.19,10,360,-399.36
2026-03-17 13:50:00-04:00,57.2,30.2,30.16,10,320,-126.07
2026-03-17 15:50:00-04:00,60.8,28.4,30.12,10,360,151.3
2026-03-17 16:50:00-04:00,62.6,24.8,30.1,11,340,282.45
2026-03-18 09:50:00-04:00,53.6,35.6,30.23,12,10,-427.23
2026-03-18 10:50:00-04:00,59,37.4,30.23,13,40,-62.47
2026-03-18 12:50:00-04:00,62.6,33.8,30.22,8,30,172.21
2026-03-18 13:50:00-04:00,66.2,32,30.19,11,20,434.49
2026-03-18 14:50:00-04:00,68,35.6,30.16,9,10,596.77
2026-03-18 15:50:00-04:00,69.8,35.6,30.14,9,20,735.19
2026-03-18 16:50:00-04:00,68,37.4,30.12,7,40,648.65
2026-03-19 09:50:00-04:00,57.2,50,30.19,11,20,-75.945
2026-03-19 10:50:00-04:00,60.8,48.2,30.19,14,10,150.91
2026-03-19 11:50:00-04:00,66.2,48.2,30.18,14,10,514.05
2026-03-19 12:50:00-04:00,68,48.2,30.17,12,40,641.64
2026-03-19 13:50:00-04:00,71.6,46.4,30.15,11,10,885.76
2026-03-19 14:50:00-04:00,73.4,48.2,30.12,15,20,1044
2026-03-19 16:50:00-04:00,71.6,48.2,30.1,15,20,951.89
2026-03-20 09:50:00-04:00,64.4,50,30.16,12,20,430.14
2026-03-20 10:50:00-04:00,68,51.8,30.17,11,50,662.56
2026-03-20 11:50:00-04:00,71.6,51.8,30.16,9,20,904.9
2026-03-20 12:50:00-04:00,73.4,50,30.16,9,60,1008.9
2026-03-20 13:50:00-04:00,75.2,48.2,30.12,10,20,1158.3
2026-03-20 14:50:00-04:00,77,48.2,30.09,12,30,1306
2026-03-20 15:50:00-04:00,77,48.2,30.08,9,80,1317.3
2026-03-20 16:50:00-04:00,75.2,48.2,30.06,8,70,1226.1
2026-03-21 09:50:00-04:00,60.8,55.4,30.16,2,340,229.59
2026-03-21 10:50:00-04:00,68,51.8,30.16,4,300,673.89
2026-03-21 11:50:00-04:00,71.6,50,30.16,0,0,894.14
2026-03-21 12:50:00-04:00,75.2,48.2,30.14,5,330,1135.7
2026-03-21 13:50:00-04:00,77,48.2,30.12,11,280,1272.1
2026-03-21 14:50:00-04:00,77,46.4,30.09,4,340,1296.4
2026-03-21 15:50:00-04:00,80.6,41,30.07,3,320,1519.8
2026-03-22 09:50:00-04:00,64.4,57.2,30.14,0,0,500.07
2026-03-22 10:50:00-04:00,71.6,57.2,30.15,4,320,952.53
2026-03-22 11:50:00-04:00,75.2,51.8,30.14,8,300,1156.6
2026-03-22 12:50:00-04:00,78.8,48.2,30.13,9,270,1374.2
2026-03-22 13:50:00-04:00,80.6,50,30.11,9,290,1519.7
2026-03-22 14:50:00-04:00,80.6,48.2,30.09,10,280,1532.1
2026-03-22 15:50:00-04:00,84.2,48.2,30.07,7,270,1779
2026-03-22 16:50:00-04:00,82.4,46.4,30.06,10,270,1668.8
2026-03-23 09:50:00-04:00,68,62.6,30.13,5,290,787.49
2026-03-23 10:50:00-04:00,71.6,59,30.14,7,310,977.42
2026-03-23 11:50:00-04:00,77,55.4,30.14,8,300,1293.8
2026-03-23 12:50:00-04:00,78.8,53.6,30.12,10,280,1417.7
2026-03-23 13:50:00-04:00,82.4,50,30.08,6,230,1665.9
2026-03-23 14:50:00-04:00,80.6,51.8,30.07,9,270,1575.6
2026-03-23 15:50:00-04:00,84.2,51.8,30.05,11,240,1822.4
2026-03-23 16:50:00-04:00,82.4,51.8,30.04,12,270,1721.8
2026-03-24 09:50:00-04:00,68,64.4,30.1,4,310,837.69
2026-03-24 10:50:00-04:00,71.6,64.4,30.11,7,350,1057.1
2026-03-24 11:50:00-04:00,73.4,66.2,30.12,4,330,1177.4
2026-03-24 12:50:00-04:00,75.2,66.2,30.12,3,10,1291.6
2026-03-24 13:50:00-04:00,82.4,66.2,30.09,3,220,1777.5
2026-03-24 14:50:00-04:00,82.4,64.4,30.06,8,340,1794.5
2026-03-24 15:50:00-04:00,82.4,64.4,30.04,3,360,1817.1
2026-03-24 16:50:00-04:00,82.4,62.6,30.03,4,20,1812.4
2026-03-25 09:50:00-04:00,71.6,66.2,30.15,10,40,1028.7
2026-03-25 10:50:00-04:00,77,68,30.16,12,60,1377.9
2026-03-25 11:50:00-04:00,77,66.2,30.15,10,50,1371.3
2026-03-25 12:50:00-04:00,80.6,64.4,30.14,7,70,1591.7
2026-03-25 13:50:00-04:00,80.6,62.6,30.12,9,40,1598.3
2026-03-25 14:50:00-04:00,84.2,62.6,30.09,7,40,1856.4
2026-03-25 15:50:00-04:00,82.4,62.6,30.08,14,70,1755.8
2026-03-25 16:50:00-04:00,84.2,64.4,30.06,11,50,1906.3
2026-03-26 09:50:00-04:00,73.4,64.4,30.17,4,130,1103.8
2026-03-26 10:50:00-04:00,77,62.6,30.18,6,180,1304.4
2026-03-26 11:50:00-04:00,80.6,60.8,30.18,4,150,1515.5
2026-03-26 12:50:00-04:00,82.4,60.8,30.16,0,0,1650.4
2026-03-26 13:50:00-04:00,82.4,60.8,30.14,0,0,1673
2026-03-26 14:50:00-04:00,82.4,59,30.12,0,0,1681.2
2026-03-26 15:50:00-04:00,82.4,59,30.09,0,0,1715.1
2026-03-26 16:50:00-04:00,84.2,60.8,30.08,6,10,1852.5
2026-03-27 09:50:00-04:00,75.2,66.2,30.16,5,180,1246.3
2026-03-27 10:50:00-04:00,78.8,64.4,30.16,3,220,1456.3
2026-03-27 11:50:00-04:00,84.2,62.6,30.16,0,0,1777.4
2026-03-27 12:50:00-04:00,84.2,60.8,30.14,0,0,1784.9
2026-03-27 13:50:00-04:00,82.4,60.8,30.12,4,30,1695.5
2026-03-27 14:50:00-04:00,87.8,59,30.09,0,0,2049.3
2026-03-27 15:50:00-04:00,86,59,30.06,0,0,1972.2
2026-03-27 16:50:00-04:00,86,59,30.04,3,330,1994.8
2026-03-28 09:50:00-04:00,71.6,66.2,30.18,6,330,994.67
2026-03-28 10:50:00-04:00,75.2,66.2,30.19,7,360,1212.3
2026-03-28 11:50:00-04:00,78.8,64.4,30.18,7,360,1433.7
2026-03-28 12:50:00-04:00,82.4,60.8,30.17,5,80,1639.1
2026-03-28 14:50:00-04:00,84.2,59,30.14,6,70,1770.6
2026-03-28 15:50:00-04:00,86,55.4,30.12,5,80,1878.3
2026-03-29 09:50:00-04:00,73.4,64.4,30.32,13,80,934.22
2026-03-29 10:50:00-04:00,75.2,64.4,30.33,15,90,1037.3
2026-03-29 11:50:00-04:00,77,62.6,30.33,18,90,1135.3
2026-03-29 12:50:00-04:00,78.8,62.6,30.32,16,90,1260
2026-03-29 13:50:00-04:00,78.8,60.8,30.3,17,70,1267.4
2026-03-29 14:50:00-04:00,78.8,60.8,30.28,16,80,1289.9
2026-03-29 15:50:00-04:00,78.8,62.6,30.27,16,80,1316.3
2026-03-29 16:50:00-04:00,77,62.6,30.26,16,100,1214.1
2026-03-30 10:50:00-04:00,77,64.4,30.32,11,90,1162.5
2026-03-30 11:50:00-04:00,77,64.4,30.32,11,90,1162.5
2026-03-30 12:50:00-04:00,80.6,64.4,30.3,10,110,1411.4
2026-03-30 13:50:00-04:00,84.2,64.4,30.28,10,70,1658.3
2026-03-30 14:50:00-04:00,78.8,66.2,30.26,13,30,1360.4
2026-03-30 15:50:00-04:00,78.8,64.4,30.24,12,30,1366
2026-03-30 16:50:00-04:00,80.6,62.6,30.22,10,90,1485.5
2026-03-31 09:50:00-04:00,75.2,68,30.29,10,110,1117.2
2026-03-31 10:50:00-04:00,77,66.2,30.29,11,100,1213.2
2026-03-31 11:50:00-04:00,78.8,66.2,30.3,10,100,1315.3
2026-03-31 12:50:00-04:00,82.4,62.6,30.27,9,70,1541.6
2026-03-31 13:50:00-04:00,84.2,62.6,30.24,10,90,1687.4
2026-03-31 14:50:00-04:00,82.4,59,30.22,12,70,1568.6
2026-03-31 15:50:00-04:00,82.4,59,30.2,12,70,1591.1
2026-03-31 16:50:00-04:00,84.2,59,30.17,10,100,1736.8
