DA_ft,W_TO_lb,payload_cap_lb,mix,FS_max
-1500,38.005,20.157,2E4F,50
-1250,37.79,19.955,2E4F,50
-1000,37.574,19.753,2E4F,50
-750,37.359,19.551,2E4F,50
-500,37.144,19.35,2E4F,50
-250,36.931,19.15,2E4F,50
0,36.718,18.95,2E4F,50
250,36.505,18.751,2E4F,50
500,36.294,18.553,2E4F,50
750,36.083,18.355,2E4F,50
1000,35.872,18.158,1E4F,47
1250,35.663,17.961,1E4F,47
1500,35.454,17.765,1E4F,47
1750,35.245,17.57,1E4F,47
2000,35.038,17.375,1E4F,47
2250,34.83,17.181,0E4F,44
2500,34.624,16.988,0E4F,44
2750,34.418,16.795,0E4F,44
3000,34.213,16.603,0E4F,44
