n_motors,prop,I_design_A,Kv,rpm_static,rpm_limit,V_batt_static,P_shaft_static_W,P_elec_static_W,T0_lbf,T20_lbf,T30_lbf,T40_lbf,T50_lbf,T60_lbf,I40_A,prop_mass_group_lb
2,12x6e,70,740.59,9807.9,12500,14.298,853.75,973.23,11.508,10.146,9.3577,8.4934,7.5556,6.5554,68.902,1.68
2,12x6e,90,843.23,10494,12500,13.806,1047.5,1211.7,13.237,11.742,10.914,10.019,9.0594,8.066,89.124,1.68
2,12x6e,110,944.74,11004,12500,13.314,1209.7,1430.6,14.61,13.005,12.133,11.215,10.24,9.2664,109.26,1.68
2,12x8e,70,656.46,8795.4,12500,14.394,812.49,924.69,10.734,9.7969,9.2234,8.579,7.8555,7.0725,69.994,1.68
2,12x8e,90,747.79,9443.8,12500,13.919,1005.7,1158.6,12.407,11.343,10.721,10.032,9.284,8.4901,90,1.68
2,12x8e,110,838.28,9935.5,12500,13.44,1171.2,1376.4,13.757,12.585,11.906,11.178,10.41,9.595,109.95,1.68
2,12x10e,70,597.41,8102.3,12500,14.495,767.5,872.48,9.7359,9.1584,8.7796,8.3344,7.8157,7.2211,68.901,1.68
2,12x10e,90,681.4,8735.2,12500,14.037,960.56,1102.3,11.335,10.649,10.216,9.724,9.1697,8.5551,88.4,1.68
2,12x10e,110,765.24,9225.1,12500,13.565,1130.8,1321.3,12.658,11.864,11.382,10.845,10.249,9.6087,108.08,1.68
2,12x12e,70,559.77,7626.2,12500,14.533,750.3,852.71,8.824,8.4873,8.2616,7.9873,7.6409,7.2245,67.741,1.68
2,12x12e,90,640.75,8248.1,12500,14.07,947.65,1086.4,10.33,9.912,9.6426,9.3204,8.9377,8.4926,87.309,1.68
2,12x12e,110,721.12,8726.5,12500,13.593,1121.4,1308.6,11.568,11.07,10.759,10.391,9.9677,9.4896,107.06,1.68
2,11x7e,70,759.31,10135,13636,14.363,825.92,940.43,10.365,9.4438,8.8915,8.2709,7.58,6.8492,69.982,1.68
2,11x7e,90,864.03,10866,13636,13.887,1017.8,1173.9,11.953,10.916,10.317,9.6573,8.9493,8.2011,89.987,1.68
2,11x7e,110,968.62,11421,13636,13.402,1182.9,1392.8,13.241,12.097,11.455,10.763,10.033,9.275,109.98,1.68
2,11x10e,70,656.68,8919.6,13636,14.508,761.73,865.84,8.8966,8.4744,8.1979,7.8698,7.4755,7.017,68.378,1.68
2,11x10e,90,750.32,9627.8,13636,14.044,957.68,1098.7,10.378,9.8646,9.5472,9.1742,8.7476,8.267,87.972,1.68
2,11x10e,110,843.23,10172,13636,13.57,1129.2,1319,11.596,10.995,10.634,10.222,9.7542,9.2461,107.65,1.68
4,9x45e,70,875.73,11582,16667,14.266,864.48,989.56,12.008,10.35,9.3814,8.3289,7.2024,6.0012,66.794,2.07
4,9x45e,90,997,12394,16667,13.77,1059.3,1228.5,13.797,12.017,11.013,9.9392,8.7987,7.6125,87.016,2.07
4,9x45e,110,1117.5,12998,16667,13.27,1223.7,1449.2,15.216,13.346,12.31,11.227,10.09,8.9174,107.25,2.07
4,9x6e,70,776.96,10368,16667,14.34,832.56,952.06,11.397,10.199,9.4695,8.6524,7.745,6.7637,69.462,2.07
4,9x6e,90,885.05,11126,16667,13.857,1027.5,1188,13.148,11.821,11.047,10.194,9.2729,8.2912,89.7,2.07
4,9x6e,110,992.48,11698,16667,13.367,1194.4,1408,14.568,13.12,12.297,11.416,10.484,9.5138,109.94,2.07
4,9x75e,70,706.66,9535.1,16667,14.433,791.66,904.55,10.503,9.7198,9.2049,8.6022,7.9094,7.1278,69.993,2.07
4,9x75e,90,804.76,10261,16667,13.969,984.85,1134.8,12.182,11.269,10.709,10.064,9.3459,8.5518,89.73,2.07
4,9x75e,110,901.58,10816,16667,13.498,1152.6,1350.8,13.552,12.524,11.906,11.225,10.477,9.6778,109.41,2.07
