n_motors,prop,V_fps,T_lbf,I_A
2,12x6e,0,13.237,87.766
2,12x6e,2,13.103,88.028
2,12x6e,4,12.969,88.291
2,12x6e,6,12.821,88.594
2,12x6e,8,12.673,88.887
2,12x6e,10,12.526,89.108
2,12x6e,12,12.378,89.319
2,12x6e,14,12.224,89.493
2,12x6e,16,12.068,89.666
2,12x6e,18,11.904,89.839
2,12x6e,20,11.742,89.985
2,12x6e,22,11.583,90.071
2,12x6e,24,11.419,90.124
2,12x6e,26,11.248,90.124
2,12x6e,28,11.08,90.086
2,12x6e,30,10.914,90
2,12x6e,32,10.738,89.915
2,12x6e,34,10.554,89.829
2,12x6e,36,10.375,89.65
2,12x6e,38,10.201,89.396
2,12x6e,40,10.019,89.124
2,12x6e,42,9.8335,88.831
2,12x6e,44,9.6441,88.473
2,12x6e,46,9.4502,88.09
2,12x6e,48,9.2546,87.673
2,12x6e,50,9.0594,87.209
2,12x6e,52,8.8646,86.655
2,12x6e,54,8.6713,86.024
2,12x6e,56,8.4748,85.364
2,12x6e,58,8.2716,84.688
2,12x6e,60,8.066,83.976
2,12x6e,62,7.8585,83.17
2,12x6e,64,7.652,82.335
2,12x6e,66,7.4505,81.419
2,12x6e,68,7.2473,80.494
2,12x6e,70,7.0403,79.46
2,12x6e,72,6.832,78.393
2,12x6e,74,6.62,77.306
2,12x6e,76,6.4044,76.217
2,12x6e,78,6.1878,75.097
2,12x6e,80,5.9729,73.853
2,12x6e,82,5.7568,72.599
2,12x6e,84,5.544,71.289
2,12x6e,86,5.3312,69.953
2,12x6e,88,5.1183,68.575
2,12x6e,90,4.907,67.096
2,12x8e,0,12.407,83.237
2,12x8e,2,12.311,83.692
2,12x8e,4,12.216,84.146
2,12x8e,6,12.115,84.599
2,12x8e,8,12.013,85.051
2,12x8e,10,11.908,85.481
2,12x8e,12,11.801,85.894
2,12x8e,14,11.691,86.312
2,12x8e,16,11.576,86.741
2,12x8e,18,11.461,87.161
2,12x8e,20,11.343,87.551
2,12x8e,22,11.225,87.937
2,12x8e,24,11.099,88.285
2,12x8e,26,10.973,88.631
2,12x8e,28,10.847,88.91
2,12x8e,30,10.721,89.184
2,12x8e,32,10.586,89.414
2,12x8e,34,10.45,89.632
2,12x8e,36,10.312,89.79
2,12x8e,38,10.173,89.911
2,12x8e,40,10.032,90
2,12x8e,42,9.8881,90.054
2,12x8e,44,9.7425,90.075
2,12x8e,46,9.5922,90.022
2,12x8e,48,9.441,89.96
2,12x8e,50,9.284,89.841
2,12x8e,52,9.1269,89.722
2,12x8e,54,8.9674,89.468
2,12x8e,56,8.8075,89.205
2,12x8e,58,8.6487,88.834
2,12x8e,60,8.4901,88.418
2,12x8e,62,8.3276,87.964
2,12x8e,64,8.1601,87.462
2,12x8e,66,7.9914,86.944
2,12x8e,68,7.8185,86.312
2,12x8e,70,7.645,85.677
2,12x8e,72,7.4712,84.942
2,12x8e,74,7.2966,84.177
2,12x8e,76,7.1218,83.361
2,12x8e,78,6.9471,82.452
2,12x8e,80,6.7715,81.539
2,12x8e,82,6.5929,80.528
2,12x8e,84,6.4127,79.492
2,12x8e,86,6.2324,78.423
2,12x8e,88,6.0534,77.268
2,12x8e,90,5.8731,76.106
2,12x10e,0,11.335,78.529
2,12x10e,2,11.272,79.016
2,12x10e,4,11.21,79.502
2,12x10e,6,11.146,79.986
2,12x10e,8,11.081,80.47
2,12x10e,10,11.015,80.956
2,12x10e,12,10.944,81.503
2,12x10e,14,10.873,82.047
2,12x10e,16,10.8,82.574
2,12x10e,18,10.725,83.089
2,12x10e,20,10.649,83.606
2,12x10e,22,10.566,84.135
2,12x10e,24,10.483,84.664
2,12x10e,26,10.395,85.178
2,12x10e,28,10.306,85.687
2,12x10e,30,10.216,86.188
2,12x10e,32,10.123,86.674
2,12x10e,34,10.031,87.157
2,12x10e,36,9.9292,87.581
2,12x10e,38,9.828,88.004
2,12x10e,40,9.724,88.4
2,12x10e,42,9.6187,88.78
2,12x10e,44,9.5114,89.142
2,12x10e,46,9.3991,89.462
2,12x10e,48,9.2871,89.78
2,12x10e,50,9.1697,89.971
2,12x10e,52,9.0523,90.157
2,12x10e,54,8.9311,90.298
2,12x10e,56,8.8075,90.409
2,12x10e,58,8.683,90.488
2,12x10e,60,8.5551,90.452
2,12x10e,62,8.4272,90.416
2,12x10e,64,8.2943,90.275
2,12x10e,66,8.1601,90.111
2,12x10e,68,8.0244,89.89
2,12x10e,70,7.8863,89.572
2,12x10e,72,7.7479,89.253
2,12x10e,74,7.6051,88.818
2,12x10e,76,7.4614,88.364
2,12x10e,78,7.3165,87.858
2,12x10e,80,7.1696,87.239
2,12x10e,82,7.0221,86.619
2,12x10e,84,6.8718,85.901
2,12x10e,86,6.7199,85.134
2,12x10e,88,6.5674,84.363
2,12x10e,90,6.4161,83.435
2,12x12e,0,10.33,77.217
2,12x12e,2,10.293,77.617
2,12x12e,4,10.255,78.016
2,12x12e,6,10.217,78.421
2,12x12e,8,10.177,78.849
2,12x12e,10,10.137,79.276
2,12x12e,12,10.095,79.732
2,12x12e,14,10.051,80.218
2,12x12e,16,10.007,80.703
2,12x12e,18,9.9602,81.21
2,12x12e,20,9.912,81.722
2,12x12e,22,9.8636,82.235
2,12x12e,24,9.8109,82.778
2,12x12e,26,9.7584,83.318
2,12x12e,28,9.7029,83.866
2,12x12e,30,9.6426,84.431
2,12x12e,32,9.5825,84.994
2,12x12e,34,9.5188,85.578
2,12x12e,36,9.454,86.168
2,12x12e,38,9.3889,86.752
2,12x12e,40,9.3204,87.309
2,12x12e,42,9.2521,87.864
2,12x12e,44,9.1775,88.417
2,12x12e,46,9.0975,88.967
2,12x12e,48,9.0179,89.514
2,12x12e,50,8.9377,89.977
2,12x12e,52,8.8575,90.437
2,12x12e,54,8.7725,90.882
2,12x12e,56,8.6804,91.304
2,12x12e,58,8.5887,91.725
2,12x12e,60,8.4926,92.049
2,12x12e,62,8.396,92.355
2,12x12e,64,8.2982,92.628
2,12x12e,66,8.1969,92.816
2,12x12e,68,8.0958,93.003
2,12x12e,70,7.9888,93.098
2,12x12e,72,7.8793,93.151
2,12x12e,74,7.7695,93.193
2,12x12e,76,7.6545,93.061
2,12x12e,78,7.5394,92.929
2,12x12e,80,7.4227,92.739
2,12x12e,82,7.3033,92.455
2,12x12e,84,7.1836,92.17
2,12x12e,86,7.0605,91.777
2,12x12e,88,6.9352,91.32
2,12x12e,90,6.8095,90.863
2,11x7e,0,11.953,84.532
2,11x7e,2,11.862,84.915
2,11x7e,4,11.77,85.298
2,11x7e,6,11.67,85.713
2,11x7e,8,11.568,86.137
2,11x7e,10,11.463,86.537
2,11x7e,12,11.355,86.913
2,11x7e,14,11.248,87.275
2,11x7e,16,11.14,87.597
2,11x7e,18,11.032,87.918
2,11x7e,20,10.916,88.239
2,11x7e,22,10.799,88.559
2,11x7e,24,10.681,88.804
2,11x7e,26,10.563,89.032
2,11x7e,28,10.441,89.243
2,11x7e,30,10.317,89.438
2,11x7e,32,10.19,89.619
2,11x7e,34,10.058,89.776
2,11x7e,36,9.925,89.917
2,11x7e,38,9.7911,89.952
2,11x7e,40,9.6573,89.987
2,11x7e,42,9.5188,89.956
2,11x7e,44,9.3797,89.921
2,11x7e,46,9.2377,89.83
2,11x7e,48,9.0943,89.711
2,11x7e,50,8.9493,89.538
2,11x7e,52,8.802,89.297
2,11x7e,54,8.654,89.046
2,11x7e,56,8.5031,88.725
2,11x7e,58,8.3518,88.405
2,11x7e,60,8.2011,87.97
2,11x7e,62,8.0501,87.515
2,11x7e,64,7.895,87.01
2,11x7e,66,7.7359,86.457
2,11x7e,68,7.5762,85.885
2,11x7e,70,7.4149,85.196
2,11x7e,72,7.253,84.503
2,11x7e,74,7.0914,83.74
2,11x7e,76,6.9298,82.939
2,11x7e,78,6.7667,82.121
2,11x7e,80,6.598,81.223
2,11x7e,82,6.4281,80.324
2,11x7e,84,6.2603,79.348
2,11x7e,86,6.0935,78.315
2,11x7e,88,5.9258,77.276
2,11x7e,90,5.7565,76.157
2,11x10e,0,10.378,78.236
2,11x10e,2,10.333,78.665
2,11x10e,4,10.288,79.094
2,11x10e,6,10.242,79.534
2,11x10e,8,10.191,80
2,11x10e,10,10.141,80.464
2,11x10e,12,10.089,80.943
2,11x10e,14,10.034,81.433
2,11x10e,16,9.9797,81.924
2,11x10e,18,9.9222,82.442
2,11x10e,20,9.8646,82.96
2,11x10e,22,9.8059,83.473
2,11x10e,24,9.7436,83.973
2,11x10e,26,9.6816,84.472
2,11x10e,28,9.6155,84.989
2,11x10e,30,9.5472,85.516
2,11x10e,32,9.4787,86.04
2,11x10e,34,9.4037,86.533
2,11x10e,36,9.3288,87.024
2,11x10e,38,9.2524,87.504
2,11x10e,40,9.1742,87.972
2,11x10e,42,9.0964,88.438
2,11x10e,44,9.0112,88.866
2,11x10e,46,8.9254,89.288
2,11x10e,48,8.8381,89.678
2,11x10e,50,8.7476,90.005
2,11x10e,52,8.6572,90.332
2,11x10e,54,8.5621,90.617
2,11x10e,56,8.4657,90.889
2,11x10e,58,8.3684,91.138
2,11x10e,60,8.267,91.306
2,11x10e,62,8.1656,91.474
2,11x10e,64,8.0609,91.555
2,11x10e,66,7.9544,91.59
2,11x10e,68,7.8476,91.619
2,11x10e,70,7.7361,91.534
2,11x10e,72,7.6245,91.449
2,11x10e,74,7.5106,91.296
2,11x10e,76,7.3936,91.046
2,11x10e,78,7.2765,90.795
2,11x10e,80,7.1567,90.45
2,11x10e,82,7.0356,90.067
2,11x10e,84,6.9141,89.683
2,11x10e,86,6.7897,89.153
2,11x10e,88,6.6649,88.615
2,11x10e,90,6.5394,88.06
4,9x45e,0,13.797,89.215
4,9x45e,2,13.629,89.416
4,9x45e,4,13.461,89.606
4,9x45e,6,13.292,89.76
4,9x45e,8,13.119,89.873
4,9x45e,10,12.944,89.951
4,9x45e,12,12.762,90.028
4,9x45e,14,12.579,90.098
4,9x45e,16,12.395,90.098
4,9x45e,18,12.208,90.071
4,9x45e,20,12.017,89.995
4,9x45e,22,11.822,89.871
4,9x45e,24,11.625,89.717
4,9x45e,26,11.422,89.524
4,9x45e,28,11.219,89.307
4,9x45e,30,11.013,89.003
4,9x45e,32,10.804,88.683
4,9x45e,34,10.59,88.344
4,9x45e,36,10.376,87.959
4,9x45e,38,10.161,87.535
4,9x45e,40,9.9392,87.016
4,9x45e,42,9.7143,86.47
4,9x45e,44,9.4902,85.792
4,9x45e,46,9.2638,85.104
4,9x45e,48,9.0309,84.414
4,9x45e,50,8.7987,83.662
4,9x45e,52,8.568,82.796
4,9x45e,54,8.3326,81.902
4,9x45e,56,8.0925,80.986
4,9x45e,58,7.8528,79.986
4,9x45e,60,7.6125,78.927
4,9x45e,62,7.3676,77.851
4,9x45e,64,7.1195,76.758
4,9x45e,66,6.8724,75.568
4,9x45e,68,6.6246,74.33
4,9x45e,70,6.3789,73.045
4,9x45e,72,6.1331,71.728
4,9x45e,74,5.8845,70.335
4,9x45e,76,5.6336,68.874
4,9x45e,78,5.3811,67.395
4,9x45e,80,5.1276,65.888
4,9x45e,82,4.8727,64.357
4,9x45e,84,4.6164,62.748
4,9x45e,86,4.3575,61.134
4,9x45e,88,4.1017,59.437
4,9x45e,90,3.8453,57.708
4,9x6e,0,13.148,85.739
4,9x6e,2,13.028,86.138
4,9x6e,4,12.908,86.537
4,9x6e,6,12.784,86.934
4,9x6e,8,12.658,87.33
4,9x6e,10,12.525,87.725
4,9x6e,12,12.391,88.104
4,9x6e,14,12.251,88.399
4,9x6e,16,12.111,88.693
4,9x6e,18,11.966,88.988
4,9x6e,20,11.821,89.252
4,9x6e,22,11.675,89.448
4,9x6e,24,11.525,89.625
4,9x6e,26,11.369,89.771
4,9x6e,28,11.21,89.894
4,9x6e,30,11.047,89.99
4,9x6e,32,10.881,90.037
4,9x6e,34,10.712,90.037
4,9x6e,36,10.541,89.981
4,9x6e,38,10.368,89.885
4,9x6e,40,10.194,89.7
4,9x6e,42,10.018,89.462
4,9x6e,44,9.8344,89.193
4,9x6e,46,9.6473,88.909
4,9x6e,48,9.4602,88.529
4,9x6e,50,9.2729,88.104
4,9x6e,52,9.0825,87.587
4,9x6e,54,8.8902,87.024
4,9x6e,56,8.6928,86.405
4,9x6e,58,8.492,85.749
4,9x6e,60,8.2912,85.023
4,9x6e,62,8.0901,84.234
4,9x6e,64,7.8878,83.39
4,9x6e,66,7.6838,82.464
4,9x6e,68,7.478,81.508
4,9x6e,70,7.269,80.451
4,9x6e,72,7.0589,79.389
4,9x6e,74,6.8475,78.243
4,9x6e,76,6.6346,77.087
4,9x6e,78,6.4207,75.865
4,9x6e,80,6.2061,74.597
4,9x6e,82,5.9911,73.296
4,9x6e,84,5.7771,71.915
4,9x6e,86,5.5619,70.526
4,9x6e,88,5.3453,69.052
4,9x6e,90,5.1272,67.537
4,9x75e,0,12.182,81.24
4,9x75e,2,12.102,81.735
4,9x75e,4,12.022,82.228
4,9x75e,6,11.939,82.72
4,9x75e,8,11.855,83.212
4,9x75e,10,11.765,83.724
4,9x75e,12,11.672,84.247
4,9x75e,14,11.576,84.752
4,9x75e,16,11.475,85.237
4,9x75e,18,11.373,85.721
4,9x75e,20,11.269,86.205
4,9x75e,22,11.163,86.68
4,9x75e,24,11.05,87.126
4,9x75e,26,10.938,87.565
4,9x75e,28,10.823,87.94
4,9x75e,30,10.709,88.314
4,9x75e,32,10.583,88.654
4,9x75e,34,10.457,88.992
4,9x75e,36,10.329,89.27
4,9x75e,38,10.2,89.538
4,9x75e,40,10.064,89.73
4,9x75e,42,9.9247,89.896
4,9x75e,44,9.7831,90
4,9x75e,46,9.6402,90.065
4,9x75e,48,9.4945,90.065
4,9x75e,50,9.3459,90
4,9x75e,52,9.1942,89.89
4,9x75e,54,9.0368,89.696
4,9x75e,56,8.8783,89.481
4,9x75e,58,8.7152,89.161
4,9x75e,60,8.5518,88.841
4,9x75e,62,8.3903,88.343
4,9x75e,64,8.2282,87.839
4,9x75e,66,8.0583,87.269
4,9x75e,68,7.8848,86.67
4,9x75e,70,7.7103,86.001
4,9x75e,72,7.534,85.226
4,9x75e,74,7.3569,84.446
4,9x75e,76,7.1759,83.523
4,9x75e,78,6.9941,82.597
4,9x75e,80,6.8117,81.592
4,9x75e,82,6.6286,80.524
4,9x75e,84,6.4446,79.451
4,9x75e,86,6.2614,78.258
4,9x75e,88,6.0774,77.056
4,9x75e,90,5.8913,75.814
