n_slots,w_cap_lb,E,F,FS_max,w_used_lb,mean3,ladder,FFS_ppb10
2,1.25,1,0,3,1.05,0,,10
2,1.5,1,0,3,1.05,0,,10
2,1.75,1,0,3,1.05,0,,10
2,2,1,0,3,1.05,0,,10
2,2.25,2,0,6,2.1,0,,10
2,2.5,2,0,6,2.1,0,,10
2,2.75,2,0,6,2.1,0,,10
2,3,2,0,6,2.1,0,,10
2,3.25,2,0,6,2.1,0,,10
2,3.5,2,0,6,2.1,0,,10
2,3.75,2,0,6,2.1,0,,10
2,4,2,0,6,2.1,0,,10
2,4.25,0,1,11,4.05,0,,10
2,4.5,0,1,11,4.05,0,,10
2,4.75,0,1,11,4.05,0,,10
2,5,0,1,11,4.05,0,,10
2,5.25,1,1,14,5.1,9.3333,1E0F -> 0E1F -> 1E1F,19.333
2,5.5,1,1,14,5.1,9.3333,1E0F -> 0E1F -> 1E1F,19.333
2,5.75,1,1,14,5.1,9.3333,1E0F -> 0E1F -> 1E1F,19.333
2,6,1,1,14,5.1,9.3333,1E0F -> 0E1F -> 1E1F,19.333
2,6.25,1,1,14,5.1,9.3333,1E0F -> 0E1F -> 1E1F,19.333
2,6.5,1,1,14,5.1,9.3333,1E0F -> 0E1F -> 1E1F,19.333
2,6.75,1,1,14,5.1,9.3333,1E0F -> 0E1F -> 1E1F,19.333
2,7,1,1,14,5.1,9.3333,1E0F -> 0E1F -> 1E1F,19.333
2,7.25,1,1,14,5.1,9.3333,1E0F -> 0E1F -> 1E1F,19.333
2,7.5,1,1,14,5.1,9.3333,1E0F -> 0E1F -> 1E1F,19.333
2,7.75,1,1,14,5.1,9.3333,1E0F -> 0E1F -> 1E1F,19.333
2,8,1,1,14,5.1,9.3333,1E0F -> 0E1F -> 1E1F,19.333
2,8.25,0,2,22,8.1,15.667,0E1F -> 1E1F -> 0E2F,25.667
2,8.5,0,2,22,8.1,15.667,0E1F -> 1E1F -> 0E2F,25.667
2,8.75,0,2,22,8.1,15.667,0E1F -> 1E1F -> 0E2F,25.667
2,9,0,2,22,8.1,15.667,0E1F -> 1E1F -> 0E2F,25.667
2,9.25,0,2,22,8.1,15.667,0E1F -> 1E1F -> 0E2F,25.667
2,9.5,0,2,22,8.1,15.667,0E1F -> 1E1F -> 0E2F,25.667
2,9.75,0,2,22,8.1,15.667,0E1F -> 1E1F -> 0E2F,25.667
2,10,0,2,22,8.1,15.667,0E1F -> 1E1F -> 0E2F,25.667
2,10.25,0,2,22,8.1,15.667,0E1F -> 1E1F -> 0E2F,25.667
2,10.5,0,2,22,8.1,15.667,0E1F -> 1E1F -> 0E2F,25.667
2,10.75,0,2,22,8.1,15.667,0E1F -> 1E1F -> 0E2F,25.667
2,11,0,2,22,8.1,15.667,0E1F -> 1E1F -> 0E2F,25.667
2,11.25,0,2,22,8.1,15.667,0E1F -> 1E1F -> 0E2F,25.667
2,11.5,0,2,22,8.1,15.667,0E1F -> 1E1F -> 0E2F,25.667
2,11.75,0,2,22,8.1,15.667,0E1F -> 1E1F -> 0E2F,25.667
2,12,0,2,22,8.1,15.667,0E1F -> 1E1F -> 0E2F,25.667
2,12.25,0,2,22,8.1,15.667,0E1F -> 1E1F -> 0E2F,25.667
2,12.5,0,2,22,8.1,15.667,0E1F -> 1E1F -> 0E2F,25.667
2,12.75,0,2,22,8.1,15.667,0E1F -> 1E1F -> 0E2F,25.667
2,13,0,2,22,8.1,15.667,0E1F -> 1E1F -> 0E2F,25.667
2,13.25,0,2,22,8.1,15.667,0E1F -> 1E1F -> 0E2F,25.667
2,13.5,0,2,22,8.1,15.667,0E1F -> 1E1F -> 0E2F,25.667
2,13.75,0,2,22,8.1,15.667,0E1F -> 1E1F -> 0E2F,25.667
2,14,0,2,22,8.1,15.667,0E1F -> 1E1F -> 0E2F,25.667
2,14.25,0,2,22,8.1,15.667,0E1F -> 1E1F -> 0E2F,25.667
2,14.5,0,2,22,8.1,15.667,0E1F -> 1E1F -> 0E2F,25.667
2,14.75,0,2,22,8.1,15.667,0E1F -> 1E1F -> 0E2F,25.667
2,15,0,2,22,8.1,15.667,0E1F -> 1E1F -> 0E2F,25.667
2,15.25,0,2,22,8.1,15.667,0E1F -> 1E1F -> 0E2F,25.667
2,15.5,0,2,22,8.1,15.667,0E1F -> 1E1F -> 0E2F,25.667
2,15.75,0,2,22,8.1,15.667,0E1F -> 1E1F -> 0E2F,25.667
2,16,0,2,22,8.1,15.667,0E1F -> 1E1F -> 0E2F,25.667
2,16.25,0,2,22,8.1,15.667,0E1F -> 1E1F -> 0E2F,25.667
2,16.5,0,2,22,8.1,15.667,0E1F -> 1E1F -> 0E2F,25.667
2,16.75,0,2,22,8.1,15.667,0E1F -> 1E1F -> 0E2F,25.667
2,17,0,2,22,8.1,15.667,0E1F -> 1E1F -> 0E2F,25.667
2,17.25,0,2,22,8.1,15.667,0E1F -> 1E1F -> 0E2F,25.667
2,17.5,0,2,22,8.1,15.667,0E1F -> 1E1F -> 0E2F,25.667
2,17.75,0,2,22,8.1,15.667,0E1F -> 1E1F -> 0E2F,25.667
2,18,0,2,22,8.1,15.667,0E1F -> 1E1F -> 0E2F,25.667
2,18.25,0,2,22,8.1,15.667,0E1F -> 1E1F -> 0E2F,25.667
2,18.5,0,2,22,8.1,15.667,0E1F -> 1E1F -> 0E2F,25.667
2,18.75,0,2,22,8.1,15.667,0E1F -> 1E1F -> 0E2F,25.667
2,19,0,2,22,8.1,15.667,0E1F -> 1E1F -> 0E2F,25.667
2,19.25,0,2,22,8.1,15.667,0E1F -> 1E1F -> 0E2F,25.667
2,19.5,0,2,22,8.1,15.667,0E1F -> 1E1F -> 0E2F,25.667
2,19.75,0,2,22,8.1,15.667,0E1F -> 1E1F -> 0E2F,25.667
2,20,0,2,22,8.1,15.667,0E1F -> 1E1F -> 0E2F,25.667
2,20.25,0,2,22,8.1,15.667,0E1F -> 1E1F -> 0E2F,25.667
2,20.5,0,2,22,8.1,15.667,0E1F -> 1E1F -> 0E2F,25.667
2,20.75,0,2,22,8.1,15.667,0E1F -> 1E1F -> 0E2F,25.667
2,21,0,2,22,8.1,15.667,0E1F -> 1E1F -> 0E2F,25.667
2,21.25,0,2,22,8.1,15.667,0E1F -> 1E1F -> 0E2F,25.667
2,21.5,0,2,22,8.1,15.667,0E1F -> 1E1F -> 0E2F,25.667
2,21.75,0,2,22,8.1,15.667,0E1F -> 1E1F -> 0E2F,25.667
2,22,0,2,22,8.1,15.667,0E1F -> 1E1F -> 0E2F,25.667
2,22.25,0,2,22,8.1,15.667,0E1F -> 1E1F -> 0E2F,25.667
2,22.5,0,2,22,8.1,15.667,0E1F -> 1E1F -> 0E2F,25.667
2,22.75,0,2,22,8.1,15.667,0E1F -> 1E1F -> 0E2F,25.667
2,23,0,2,22,8.1,15.667,0E1F -> 1E1F -> 0E2F,25.667
2,23.25,0,2,22,8.1,15.667,0E1F -> 1E1F -> 0E2F,25.667
2,23.5,0,2,22,8.1,15.667,0E1F -> 1E1F -> 0E2F,25.667
2,23.75,0,2,22,8.1,15.667,0E1F -> 1E1F -> 0E2F,25.667
2,24,0,2,22,8.1,15.667,0E1F -> 1E1F -> 0E2F,25.667
2,24.25,0,2,22,8.1,15.667,0E1F -> 1E1F -> 0E2F,25.667
2,24.5,0,2,22,8.1,15.667,0E1F -> 1E1F -> 0E2F,25.667
2,24.75,0,2,22,8.1,15.667,0E1F -> 1E1F -> 0E2F,25.667
2,25,0,2,22,8.1,15.667,0E1F -> 1E1F -> 0E2F,25.667
2,25.25,0,2,22,8.1,15.667,0E1F -> 1E1F -> 0E2F,25.667
2,25.5,0,2,22,8.1,15.667,0E1F -> 1E1F -> 0E2F,25.667
2,25.75,0,2,22,8.1,15.667,0E1F -> 1E1F -> 0E2F,25.667
2,26,0,2,22,8.1,15.667,0E1F -> 1E1F -> 0E2F,25.667
2,26.25,0,2,22,8.1,15.667,0E1F -> 1E1F -> 0E2F,25.667
2,26.5,0,2,22,8.1,15.667,0E1F -> 1E1F -> 0E2F,25.667
2,26.75,0,2,22,8.1,15.667,0E1F -> 1E1F -> 0E2F,25.667
2,27,0,2,22,8.1,15.667,0E1F -> 1E1F -> 0E2F,25.667
2,27.25,0,2,22,8.1,15.667,0E1F -> 1E1F -> 0E2F,25.667
2,27.5,0,2,22,8.1,15.667,0E1F -> 1E1F -> 0E2F,25.667
2,27.75,0,2,22,8.1,15.667,0E1F -> 1E1F -> 0E2F,25.667
2,28,0,2,22,8.1,15.667,0E1F -> 1E1F -> 0E2F,25.667
2,28.25,0,2,22,8.1,15.667,0E1F -> 1E1F -> 0E2F,25.667
2,28.5,0,2,22,8.1,15.667,0E1F -> 1E1F -> 0E2F,25.667
2,28.75,0,2,22,8.1,15.667,0E1F -> 1E1F -> 0E2F,25.667
2,29,0,2,22,8.1,15.667,0E1F -> 1E1F -> 0E2F,25.667
2,29.25,0,2,22,8.1,15.667,0E1F -> 1E1F -> 0E2F,25.667
2,29.5,0,2,22,8.1,15.667,0E1F -> 1E1F -> 0E2F,25.667
2,29.75,0,2,22,8.1,15.667,0E1F -> 1E1F -> 0E2F,25.667
2,30,0,2,22,8.1,15.667,0E1F -> 1E1F -> 0E2F,25.667
2,30.25,0,2,22,8.1,15.667,0E1F -> 1E1F -> 0E2F,25.667
2,30.5,0,2,22,8.1,15.667,0E1F -> 1E1F -> 0E2F,25.667
2,30.75,0,2,22,8.1,15.667,0E1F -> 1E1F -> 0E2F,25.667
2,31,0,2,22,8.1,15.667,0E1F -> 1E1F -> 0E2F,25.667
2,31.25,0,2,22,8.1,15.667,0E1F -> 1E1F -> 0E2F,25.667
2,31.5,0,2,22,8.1,15.667,0E1F -> 1E1F -> 0E2F,25.667
2,31.75,0,2,22,8.1,15.667,0E1F -> 1E1F -> 0E2F,25.667
2,32,0,2,22,8.1,15.667,0E1F -> 1E1F -> 0E2F,25.667
2,32.25,0,2,22,8.1,15.667,0E1F -> 1E1F -> 0E2F,25.667
2,32.5,0,2,22,8.1,15.667,0E1F -> 1E1F -> 0E2F,25.667
2,32.75,0,2,22,8.1,15.667,0E1F -> 1E1F -> 0E2F,25.667
2,33,0,2,22,8.1,15.667,0E1F -> 1E1F -> 0E2F,25.667
2,33.25,0,2,22,8.1,15.667,0E1F -> 1E1F -> 0E2F,25.667
2,33.5,0,2,22,8.1,15.667,0E1F -> 1E1F -> 0E2F,25.667
2,33.75,0,2,22,8.1,15.667,0E1F -> 1E1F -> 0E2F,25.667
2,34,0,2,22,8.1,15.667,0E1F -> 1E1F -> 0E2F,25.667
2,34.25,0,2,22,8.1,15.667,0E1F -> 1E1F -> 0E2F,25.667
2,34.5,0,2,22,8.1,15.667,0E1F -> 1E1F -> 0E2F,25.667
2,34.75,0,2,22,8.1,15.667,0E1F -> 1E1F -> 0E2F,25.667
2,35,0,2,22,8.1,15.667,0E1F -> 1E1F -> 0E2F,25.667
2,35.25,0,2,22,8.1,15.667,0E1F -> 1E1F -> 0E2F,25.667
2,35.5,0,2,22,8.1,15.667,0E1F -> 1E1F -> 0E2F,25.667
2,35.75,0,2,22,8.1,15.667,0E1F -> 1E1F -> 0E2F,25.667
2,36,0,2,22,8.1,15.667,0E1F -> 1E1F -> 0E2F,25.667
2,36.25,0,2,22,8.1,15.667,0E1F -> 1E1F -> 0E2F,25.667
2,36.5,0,2,22,8.1,15.667,0E1F -> 1E1F -> 0E2F,25.667
2,36.75,0,2,22,8.1,15.667,0E1F -> 1E1F -> 0E2F,25.667
2,37,0,2,22,8.1,15.667,0E1F -> 1E1F -> 0E2F,25.667
2,37.25,0,2,22,8.1,15.667,0E1F -> 1E1F -> 0E2F,25.667
2,37.5,0,2,22,8.1,15.667,0E1F -> 1E1F -> 0E2F,25.667
2,37.75,0,2,22,8.1,15.667,0E1F -> 1E1F -> 0E2F,25.667
2,38,0,2,22,8.1,15.667,0E1F -> 1E1F -> 0E2F,25.667
2,38.25,0,2,22,8.1,15.667,0E1F -> 1E1F -> 0E2F,25.667
2,38.5,0,2,22,8.1,15.667,0E1F -> 1E1F -> 0E2F,25.667
2,38.75,0,2,22,8.1,15.667,0E1F -> 1E1F -> 0E2F,25.667
2,39,0,2,22,8.1,15.667,0E1F -> 1E1F -> 0E2F,25.667
2,39.25,0,2,22,8.1,15.667,0E1F -> 1E1F -> 0E2F,25.667
2,39.5,0,2,22,8.1,15.667,0E1F -> 1E1F -> 0E2F,25.667
2,39.75,0,2,22,8.1,15.667,0E1F -> 1E1F -> 0E2F,25.667
2,40,0,2,22,8.1,15.667,0E1F -> 1E1F -> 0E2F,25.667
2,40.25,0,2,22,8.1,15.667,0E1F -> 1E1F -> 0E2F,25.667
2,40.5,0,2,22,8.1,15.667,0E1F -> 1E1F -> 0E2F,25.667
2,40.75,0,2,22,8.1,15.667,0E1F -> 1E1F -> 0E2F,25.667
2,41,0,2,22,8.1,15.667,0E1F -> 1E1F -> 0E2F,25.667
2,41.25,0,2,22,8.1,15.667,0E1F -> 1E1F -> 0E2F,25.667
2,41.5,0,2,22,8.1,15.667,0E1F -> 1E1F -> 0E2F,25.667
2,41.75,0,2,22,8.1,15.667,0E1F -> 1E1F -> 0E2F,25.667
2,42,0,2,22,8.1,15.667,0E1F -> 1E1F -> 0E2F,25.667
2,42.25,0,2,22,8.1,15.667,0E1F -> 1E1F -> 0E2F,25.667
2,42.5,0,2,22,8.1,15.667,0E1F -> 1E1F -> 0E2F,25.667
2,42.75,0,2,22,8.1,15.667,0E1F -> 1E1F -> 0E2F,25.667
2,43,0,2,22,8.1,15.667,0E1F -> 1E1F -> 0E2F,25.667
2,43.25,0,2,22,8.1,15.667,0E1F -> 1E1F -> 0E2F,25.667
2,43.5,0,2,22,8.1,15.667,0E1F -> 1E1F -> 0E2F,25.667
2,43.75,0,2,22,8.1,15.667,0E1F -> 1E1F -> 0E2F,25.667
2,44,0,2,22,8.1,15.667,0E1F -> 1E1F -> 0E2F,25.667
2,44.25,0,2,22,8.1,15.667,0E1F -> 1E1F -> 0E2F,25.667
2,44.5,0,2,22,8.1,15.667,0E1F -> 1E1F -> 0E2F,25.667
2,44.75,0,2,22,8.1,15.667,0E1F -> 1E1F -> 0E2F,25.667
2,45,0,2,22,8.1,15.667,0E1F -> 1E1F -> 0E2F,25.667
3,1.25,1,0,3,1.05,0,,10
3,1.5,1,0,3,1.05,0,,10
3,1.75,1,0,3,1.05,0,,10
3,2,1,0,3,1.05,0,,10
3,2.25,2,0,6,2.1,0,,10
3,2.5,2,0,6,2.1,0,,10
3,2.75,2,0,6,2.1,0,,10
3,3,2,0,6,2.1,0,,10
3,3.25,3,0,9,3.15,6,1E0F -> 2E0F -> 3E0F,16
3,3.5,3,0,9,3.15,6,1E0F -> 2E0F -> 3E0F,16
3,3.75,3,0,9,3.15,6,1E0F -> 2E0F -> 3E0F,16
3,4,3,0,9,3.15,6,1E0F -> 2E0F -> 3E0F,16
3,4.25,0,1,11,4.05,6,1E0F -> 2E0F -> 3E0F,16
3,4.5,0,1,11,4.05,6,1E0F -> 2E0F -> 3E0F,16
3,4.75,0,1,11,4.05,6,1E0F -> 2E0F -> 3E0F,16
3,5,0,1,11,4.05,6,1E0F -> 2E0F -> 3E0F,16
3,5.25,1,1,14,5.1,9.3333,1E0F -> 0E1F -> 1E1F,19.333
3,5.5,1,1,14,5.1,9.3333,1E0F -> 0E1F -> 1E1F,19.333
3,5.75,1,1,14,5.1,9.3333,1E0F -> 0E1F -> 1E1F,19.333
3,6,1,1,14,5.1,9.3333,1E0F -> 0E1F -> 1E1F,19.333
3,6.25,2,1,17,6.15,14,0E1F -> 1E1F -> 2E1F,24
3,6.5,2,1,17,6.15,14,0E1F -> 1E1F -> 2E1F,24
3,6.75,2,1,17,6.15,14,0E1F -> 1E1F -> 2E1F,24
3,7,2,1,17,6.15,14,0E1F -> 1E1F -> 2E1F,24
3,7.25,2,1,17,6.15,14,0E1F -> 1E1F -> 2E1F,24
3,7.5,2,1,17,6.15,14,0E1F -> 1E1F -> 2E1F,24
3,7.75,2,1,17,6.15,14,0E1F -> 1E1F -> 2E1F,24
3,8,2,1,17,6.15,14,0E1F -> 1E1F -> 2E1F,24
3,8.25,0,2,22,8.1,15.667,0E1F -> 1E1F -> 0E2F,25.667
3,8.5,0,2,22,8.1,15.667,0E1F -> 1E1F -> 0E2F,25.667
3,8.75,0,2,22,8.1,15.667,0E1F -> 1E1F -> 0E2F,25.667
3,9,0,2,22,8.1,15.667,0E1F -> 1E1F -> 0E2F,25.667
3,9.25,1,2,25,9.15,20.333,1E1F -> 0E2F -> 1E2F,30.333
3,9.5,1,2,25,9.15,20.333,1E1F -> 0E2F -> 1E2F,30.333
3,9.75,1,2,25,9.15,20.333,1E1F -> 0E2F -> 1E2F,30.333
3,10,1,2,25,9.15,20.333,1E1F -> 0E2F -> 1E2F,30.333
3,10.25,1,2,25,9.15,20.333,1E1F -> 0E2F -> 1E2F,30.333
3,10.5,1,2,25,9.15,20.333,1E1F -> 0E2F -> 1E2F,30.333
3,10.75,1,2,25,9.15,20.333,1E1F -> 0E2F -> 1E2F,30.333
3,11,1,2,25,9.15,20.333,1E1F -> 0E2F -> 1E2F,30.333
3,11.25,1,2,25,9.15,20.333,1E1F -> 0E2F -> 1E2F,30.333
3,11.5,1,2,25,9.15,20.333,1E1F -> 0E2F -> 1E2F,30.333
3,11.75,1,2,25,9.15,20.333,1E1F -> 0E2F -> 1E2F,30.333
3,12,1,2,25,9.15,20.333,1E1F -> 0E2F -> 1E2F,30.333
3,12.25,0,3,33,12.15,26.667,0E2F -> 1E2F -> 0E3F,36.667
3,12.5,0,3,33,12.15,26.667,0E2F -> 1E2F -> 0E3F,36.667
3,12.75,0,3,33,12.15,26.667,0E2F -> 1E2F -> 0E3F,36.667
3,13,0,3,33,12.15,26.667,0E2F -> 1E2F -> 0E3F,36.667
3,13.25,0,3,33,12.15,26.667,0E2F -> 1E2F -> 0E3F,36.667
3,13.5,0,3,33,12.15,26.667,0E2F -> 1E2F -> 0E3F,36.667
3,13.75,0,3,33,12.15,26.667,0E2F -> 1E2F -> 0E3F,36.667
3,14,0,3,33,12.15,26.667,0E2F -> 1E2F -> 0E3F,36.667
3,14.25,0,3,33,12.15,26.667,0E2F -> 1E2F -> 0E3F,36.667
3,14.5,0,3,33,12.15,26.667,0E2F -> 1E2F -> 0E3F,36.667
3,14.75,0,3,33,12.15,26.667,0E2F -> 1E2F -> 0E3F,36.667
3,15,0,3,33,12.15,26.667,0E2F -> 1E2F -> 0E3F,36.667
3,15.25,0,3,33,12.15,26.667,0E2F -> 1E2F -> 0E3F,36.667
3,15.5,0,3,33,12.15,26.667,0E2F -> 1E2F -> 0E3F,36.667
3,15.75,0,3,33,12.15,26.667,0E2F -> 1E2F -> 0E3F,36.667
3,16,0,3,33,12.15,26.667,0E2F -> 1E2F -> 0E3F,36.667
3,16.25,0,3,33,12.15,26.667,0E2F -> 1E2F -> 0E3F,36.667
3,16.5,0,3,33,12.15,26.667,0E2F -> 1E2F -> 0E3F,36.667
3,16.75,0,3,33,12.15,26.667,0E2F -> 1E2F -> 0E3F,36.667
3,17,0,3,33,12.15,26.667,0E2F -> 1E2F -> 0E3F,36.667
3,17.25,0,3,33,12.15,26.667,0E2F -> 1E2F -> 0E3F,36.667
3,17.5,0,3,33,12.15,26.667,0E2F -> 1E2F -> 0E3F,36.667
3,17.75,0,3,33,12.15,26.667,0E2F -> 1E2F -> 0E3F,36.667
3,18,0,3,33,12.15,26.667,0E2F -> 1E2F -> 0E3F,36.667
3,18.25,0,3,33,12.15,26.667,0E2F -> 1E2F -> 0E3F,36.667
3,18.5,0,3,33,12.15,26.667,0E2F -> 1E2F -> 0E3F,36.667
3,18.75,0,3,33,12.15,26.667,0E2F -> 1E2F -> 0E3F,36.667
3,19,0,3,33,12.15,26.667,0E2F -> 1E2F -> 0E3F,36.667
3,19.25,0,3,33,12.15,26.667,0E2F -> 1E2F -> 0E3F,36.667
3,19.5,0,3,33,12.15,26.667,0E2F -> 1E2F -> 0E3F,36.667
3,19.75,0,3,33,12.15,26.667,0E2F -> 1E2F -> 0E3F,36.667
3,20,0,3,33,12.15,26.667,0E2F -> 1E2F -> 0E3F,36.667
3,20.25,0,3,33,12.15,26.667,0E2F -> 1E2F -> 0E3F,36.667
3,20.5,0,3,33,12.15,26.667,0E2F -> 1E2F -> 0E3F,36.667
3,20.75,0,3,33,12.15,26.667,0E2F -> 1E2F -> 0E3F,36.667
3,21,0,3,33,12.15,26.667,0E2F -> 1E2F -> 0E3F,36.667
3,21.25,0,3,33,12.15,26.667,0E2F -> 1E2F -> 0E3F,36.667
3,21.5,0,3,33,12.15,26.667,0E2F -> 1E2F -> 0E3F,36.667
3,21.75,0,3,33,12.15,26.667,0E2F -> 1E2F -> 0E3F,36.667
3,22,0,3,33,12.15,26.667,0E2F -> 1E2F -> 0E3F,36.667
3,22.25,0,3,33,12.15,26.667,0E2F -> 1E2F -> 0E3F,36.667
3,22.5,0,3,33,12.15,26.667,0E2F -> 1E2F -> 0E3F,36.667
3,22.75,0,3,33,12.15,26.667,0E2F -> 1E2F -> 0E3F,36.667
3,23,0,3,33,12.15,26.667,0E2F -> 1E2F -> 0E3F,36.667
3,23.25,0,3,33,12.15,26.667,0E2F -> 1E2F -> 0E3F,36.667
3,23.5,0,3,33,12.15,26.667,0E2F -> 1E2F -> 0E3F,36.667
3,23.75,0,3,33,12.15,26.667,0E2F -> 1E2F -> 0E3F,36.667
3,24,0,3,33,12.15,26.667,0E2F -> 1E2F -> 0E3F,36.667
3,24.25,0,3,33,12.15,26.667,0E2F -> 1E2F -> 0E3F,36.667
3,24.5,0,3,33,12.15,26.667,0E2F -> 1E2F -> 0E3F,36.667
3,24.75,0,3,33,12.15,26.667,0E2F -> 1E2F -> 0E3F,36.667
3,25,0,3,33,12.15,26.667,0E2F -> 1E2F -> 0E3F,36.667
3,25.25,0,3,33,12.15,26.667,0E2F -> 1E2F -> 0E3F,36.667
3,25.5,0,3,33,12.15,26.667,0E2F -> 1E2F -> 0E3F,36.667
3,25.75,0,3,33,12.15,26.667,0E2F -> 1E2F -> 0E3F,36.667
3,26,0,3,33,12.15,26.667,0E2F -> 1E2F -> 0E3F,36.667
3,26.25,0,3,33,12.15,26.667,0E2F -> 1E2F -> 0E3F,36.667
3,26.5,0,3,33,12.15,26.667,0E2F -> 1E2F -> 0E3F,36.667
3,26.75,0,3,33,12.15,26.667,0E2F -> 1E2F -> 0E3F,36.667
3,27,0,3,33,12.15,26.667,0E2F -> 1E2F -> 0E3F,36.667
3,27.25,0,3,33,12.15,26.667,0E2F -> 1E2F -> 0E3F,36.667
3,27.5,0,3,33,12.15,26.667,0E2F -> 1E2F -> 0E3F,36.667
3,27.75,0,3,33,12.15,26.667,0E2F -> 1E2F -> 0E3F,36.667
3,28,0,3,33,12.15,26.667,0E2F -> 1E2F -> 0E3F,36.667
3,28.25,0,3,33,12.15,26.667,0E2F -> 1E2F -> 0E3F,36.667
3,28.5,0,3,33,12.15,26.667,0E2F -> 1E2F -> 0E3F,36.667
3,28.75,0,3,33,12.15,26.667,0E2F -> 1E2F -> 0E3F,36.667
3,29,0,3,33,12.15,26.667,0E2F -> 1E2F -> 0E3F,36.667
3,29.25,0,3,33,12.15,26.667,0E2F -> 1E2F -> 0E3F,36.667
3,29.5,0,3,33,12.15,26.667,0E2F -> 1E2F -> 0E3F,36.667
3,29.75,0,3,33,12.15,26.667,0E2F -> 1E2F -> 0E3F,36.667
3,30,0,3,33,12.15,26.667,0E2F -> 1E2F -> 0E3F,36.667
3,30.25,0,3,33,12.15,26.667,0E2F -> 1E2F -> 0E3F,36.667
3,30.5,0,3,33,12.15,26.667,0E2F -> 1E2F -> 0E3F,36.667
3,30.75,0,3,33,12.15,26.667,0E2F -> 1E2F -> 0E3F,36.667
3,31,0,3,33,12.15,26.667,0E2F -> 1E2F -> 0E3F,36.667
3,31.25,0,3,33,12.15,26.667,0E2F -> 1E2F -> 0E3F,36.667
3,31.5,0,3,33,12.15,26.667,0E2F -> 1E2F -> 0E3F,36.667
3,31.75,0,3,33,12.15,26.667,0E2F -> 1E2F -> 0E3F,36.667
3,32,0,3,33,12.15,26.667,0E2F -> 1E2F -> 0E3F,36.667
3,32.25,0,3,33,12.15,26.667,0E2F -> 1E2F -> 0E3F,36.667
3,32.5,0,3,33,12.15,26.667,0E2F -> 1E2F -> 0E3F,36.667
3,32.75,0,3,33,12.15,26.667,0E2F -> 1E2F -> 0E3F,36.667
3,33,0,3,33,12.15,26.667,0E2F -> 1E2F -> 0E3F,36.667
3,33.25,0,3,33,12.15,26.667,0E2F -> 1E2F -> 0E3F,36.667
3,33.5,0,3,33,12.15,26.667,0E2F -> 1E2F -> 0E3F,36.667
3,33.75,0,3,33,12.15,26.667,0E2F -> 1E2F -> 0E3F,36.667
3,34,0,3,33,12.15,26.667,0E2F -> 1E2F -> 0E3F,36.667
3,34.25,0,3,33,12.15,26.667,0E2F -> 1E2F -> 0E3F,36.667
3,34.5,0,3,33,12.15,26.667,0E2F -> 1E2F -> 0E3F,36.667
3,34.75,0,3,33,12.15,26.667,0E2F -> 1E2F -> 0E3F,36.667
3,35,0,3,33,12.15,26.667,0E2F -> 1E2F -> 0E3F,36.667
3,35.25,0,3,33,12.15,26.667,0E2F -> 1E2F -> 0E3F,36.667
3,35.5,0,3,33,12.15,26.667,0E2F -> 1E2F -> 0E3F,36.667
3,35.75,0,3,33,12.15,26.667,0E2F -> 1E2F -> 0E3F,36.667
3,36,0,3,33,12.15,26.667,0E2F -> 1E2F -> 0E3F,36.667
3,36.25,0,3,33,12.15,26.667,0E2F -> 1E2F -> 0E3F,36.667
3,36.5,0,3,33,12.15,26.667,0E2F -> 1E2F -> 0E3F,36.667
3,36.75,0,3,33,12.15,26.667,0E2F -> 1E2F -> 0E3F,36.667
3,37,0,3,33,12.15,26.667,0E2F -> 1E2F -> 0E3F,36.667
3,37.25,0,3,33,12.15,26.667,0E2F -> 1E2F -> 0E3F,36.667
3,37.5,0,3,33,12.15,26.667,0E2F -> 1E2F -> 0E3F,36.667
3,37.75,0,3,33,12.15,26.667,0E2F -> 1E2F -> 0E3F,36.667
3,38,0,3,33,12.15,26.667,0E2F -> 1E2F -> 0E3F,36.667
3,38.25,0,3,33,12.15,26.667,0E2F -> 1E2F -> 0E3F,36.667
3,38.5,0,3,33,12.15,26.667,0E2F -> 1E2F -> 0E3F,36.667
3,38.75,0,3,33,12.15,26.667,0E2F -> 1E2F -> 0E3F,36.667
3,39,0,3,33,12.15,26.667,0E2F -> 1E2F -> 0E3F,36.667
3,39.25,0,3,33,12.15,26.667,0E2F -> 1E2F -> 0E3F,36.667
3,39.5,0,3,33,12.15,26.667,0E2F -> 1E2F -> 0E3F,36.667
3,39.75,0,3,33,12.15,26.667,0E2F -> 1E2F -> 0E3F,36.667
3,40,0,3,33,12.15,26.667,0E2F -> 1E2F -> 0E3F,36.667
3,40.25,0,3,33,12.15,26.667,0E2F -> 1E2F -> 0E3F,36.667
3,40.5,0,3,33,12.15,26.667,0E2F -> 1E2F -> 0E3F,36.667
3,40.75,0,3,33,12.15,26.667,0E2F -> 1E2F -> 0E3F,36.667
3,41,0,3,33,12.15,26.667,0E2F -> 1E2F -> 0E3F,36.667
3,41.25,0,3,33,12.15,26.667,0E2F -> 1E2F -> 0E3F,36.667
3,41.5,0,3,33,12.15,26.667,0E2F -> 1E2F -> 0E3F,36.667
3,41.75,0,3,33,12.15,26.667,0E2F -> 1E2F -> 0E3F,36.667
3,42,0,3,33,12.15,26.667,0E2F -> 1E2F -> 0E3F,36.667
3,42.25,0,3,33,12.15,26.667,0E2F -> 1E2F -> 0E3F,36.667
3,42.5,0,3,33,12.15,26.667,0E2F -> 1E2F -> 0E3F,36.667
3,42.75,0,3,33,12.15,26.667,0E2F -> 1E2F -> 0E3F,36.667
3,43,0,3,33,12.15,26.667,0E2F -> 1E2F -> 0E3F,36.667
3,43.25,0,3,33,12.15,26.667,0E2F -> 1E2F -> 0E3F,36.667
3,43.5,0,3,33,12.15,26.667,0E2F -> 1E2F -> 0E3F,36.667
3,43.75,0,3,33,12.15,26.667,0E2F -> 1E2F -> 0E3F,36.667
3,44,0,3,33,12.15,26.667,0E2F -> 1E2F -> 0E3F,36.667
3,44.25,0,3,33,12.15,26.667,0E2F -> 1E2F -> 0E3F,36.667
3,44.5,0,3,33,12.15,26.667,0E2F -> 1E2F -> 0E3F,36.667
3,44.75,0,3,33,12.15,26.667,0E2F -> 1E2F -> 0E3F,36.667
3,45,0,3,33,12.15,26.667,0E2F -> 1E2F -> 0E3F,36.667
4,1.25,1,0,3,1.05,0,,10
4,1.5,1,0,3,1.05,0,,10
4,1.75,1,0,3,1.05,0,,10
4,2,1,0,3,1.05,0,,10
4,2.25,2,0,6,2.1,0,,10
4,2.5,2,0,6,2.1,0,,10
4,2.75,2,0,6,2.1,0,,10
4,3,2,0,6,2.1,0,,10
4,3.25,3,0,9,3.15,6,1E0F -> 2E0F -> 3E0F,16
4,3.5,3,0,9,3.15,6,1E0F -> 2E0F -> 3E0F,16
4,3.75,3,0,9,3.15,6,1E0F -> 2E0F -> 3E0F,16
4,4,3,0,9,3.15,6,1E0F -> 2E0F -> 3E0F,16
4,4.25,4,0,12,4.2,9,2E0F -> 3E0F -> 4E0F,19
4,4.5,4,0,12,4.2,9,2E0F -> 3E0F -> 4E0F,19
4,4.75,4,0,12,4.2,9,2E0F -> 3E0F -> 4E0F,19
4,5,4,0,12,4.2,9,2E0F -> 3E0F -> 4E0F,19
4,5.25,1,1,14,5.1,9.3333,1E0F -> 0E1F -> 1E1F,19.333
4,5.5,1,1,14,5.1,9.3333,1E0F -> 0E1F -> 1E1F,19.333
4,5.75,1,1,14,5.1,9.3333,1E0F -> 0E1F -> 1E1F,19.333
4,6,1,1,14,5.1,9.3333,1E0F -> 0E1F -> 1E1F,19.333
4,6.25,2,1,17,6.15,14,0E1F -> 1E1F -> 2E1F,24
4,6.5,2,1,17,6.15,14,0E1F -> 1E1F -> 2E1F,24
4,6.75,2,1,17,6.15,14,0E1F -> 1E1F -> 2E1F,24
4,7,2,1,17,6.15,14,0E1F -> 1E1F -> 2E1F,24
4,7.25,3,1,20,7.2,17,1E1F -> 2E1F -> 3E1F,27
4,7.5,3,1,20,7.2,17,1E1F -> 2E1F -> 3E1F,27
4,7.75,3,1,20,7.2,17,1E1F -> 2E1F -> 3E1F,27
4,8,3,1,20,7.2,17,1E1F -> 2E1F -> 3E1F,27
4,8.25,0,2,22,8.1,17,1E1F -> 2E1F -> 3E1F,27
4,8.5,0,2,22,8.1,17,1E1F -> 2E1F -> 3E1F,27
4,8.75,0,2,22,8.1,17,1E1F -> 2E1F -> 3E1F,27
4,9,0,2,22,8.1,17,1E1F -> 2E1F -> 3E1F,27
4,9.25,1,2,25,9.15,20.333,1E1F -> 0E2F -> 1E2F,30.333
4,9.5,1,2,25,9.15,20.333,1E1F -> 0E2F -> 1E2F,30.333
4,9.75,1,2,25,9.15,20.333,1E1F -> 0E2F -> 1E2F,30.333
4,10,1,2,25,9.15,20.333,1E1F -> 0E2F -> 1E2F,30.333
4,10.25,2,2,28,10.2,25,0E2F -> 1E2F -> 2E2F,35
4,10.5,2,2,28,10.2,25,0E2F -> 1E2F -> 2E2F,35
4,10.75,2,2,28,10.2,25,0E2F -> 1E2F -> 2E2F,35
4,11,2,2,28,10.2,25,0E2F -> 1E2F -> 2E2F,35
4,11.25,2,2,28,10.2,25,0E2F -> 1E2F -> 2E2F,35
4,11.5,2,2,28,10.2,25,0E2F -> 1E2F -> 2E2F,35
4,11.75,2,2,28,10.2,25,0E2F -> 1E2F -> 2E2F,35
4,12,2,2,28,10.2,25,0E2F -> 1E2F -> 2E2F,35
4,12.25,0,3,33,12.15,26.667,0E2F -> 1E2F -> 0E3F,36.667
4,12.5,0,3,33,12.15,26.667,0E2F -> 1E2F -> 0E3F,36.667
4,12.75,0,3,33,12.15,26.667,0E2F -> 1E2F -> 0E3F,36.667
4,13,0,3,33,12.15,26.667,0E2F -> 1E2F -> 0E3F,36.667
4,13.25,1,3,36,13.2,31.333,1E2F -> 0E3F -> 1E3F,41.333
4,13.5,1,3,36,13.2,31.333,1E2F -> 0E3F -> 1E3F,41.333
4,13.75,1,3,36,13.2,31.333,1E2F -> 0E3F -> 1E3F,41.333
4,14,1,3,36,13.2,31.333,1E2F -> 0E3F -> 1E3F,41.333
4,14.25,1,3,36,13.2,31.333,1E2F -> 0E3F -> 1E3F,41.333
4,14.5,1,3,36,13.2,31.333,1E2F -> 0E3F -> 1E3F,41.333
4,14.75,1,3,36,13.2,31.333,1E2F -> 0E3F -> 1E3F,41.333
4,15,1,3,36,13.2,31.333,1E2F -> 0E3F -> 1E3F,41.333
4,15.25,1,3,36,13.2,31.333,1E2F -> 0E3F -> 1E3F,41.333
4,15.5,1,3,36,13.2,31.333,1E2F -> 0E3F -> 1E3F,41.333
4,15.75,1,3,36,13.2,31.333,1E2F -> 0E3F -> 1E3F,41.333
4,16,1,3,36,13.2,31.333,1E2F -> 0E3F -> 1E3F,41.333
4,16.25,0,4,44,16.2,37.667,0E3F -> 1E3F -> 0E4F,47.667
4,16.5,0,4,44,16.2,37.667,0E3F -> 1E3F -> 0E4F,47.667
4,16.75,0,4,44,16.2,37.667,0E3F -> 1E3F -> 0E4F,47.667
4,17,0,4,44,16.2,37.667,0E3F -> 1E3F -> 0E4F,47.667
4,17.25,0,4,44,16.2,37.667,0E3F -> 1E3F -> 0E4F,47.667
4,17.5,0,4,44,16.2,37.667,0E3F -> 1E3F -> 0E4F,47.667
4,17.75,0,4,44,16.2,37.667,0E3F -> 1E3F -> 0E4F,47.667
4,18,0,4,44,16.2,37.667,0E3F -> 1E3F -> 0E4F,47.667
4,18.25,0,4,44,16.2,37.667,0E3F -> 1E3F -> 0E4F,47.667
4,18.5,0,4,44,16.2,37.667,0E3F -> 1E3F -> 0E4F,47.667
4,18.75,0,4,44,16.2,37.667,0E3F -> 1E3F -> 0E4F,47.667
4,19,0,4,44,16.2,37.667,0E3F -> 1E3F -> 0E4F,47.667
4,19.25,0,4,44,16.2,37.667,0E3F -> 1E3F -> 0E4F,47.667
4,19.5,0,4,44,16.2,37.667,0E3F -> 1E3F -> 0E4F,47.667
4,19.75,0,4,44,16.2,37.667,0E3F -> 1E3F -> 0E4F,47.667
4,20,0,4,44,16.2,37.667,0E3F -> 1E3F -> 0E4F,47.667
4,20.25,0,4,44,16.2,37.667,0E3F -> 1E3F -> 0E4F,47.667
4,20.5,0,4,44,16.2,37.667,0E3F -> 1E3F -> 0E4F,47.667
4,20.75,0,4,44,16.2,37.667,0E3F -> 1E3F -> 0E4F,47.667
4,21,0,4,44,16.2,37.667,0E3F -> 1E3F -> 0E4F,47.667
4,21.25,0,4,44,16.2,37.667,0E3F -> 1E3F -> 0E4F,47.667
4,21.5,0,4,44,16.2,37.667,0E3F -> 1E3F -> 0E4F,47.667
4,21.75,0,4,44,16.2,37.667,0E3F -> 1E3F -> 0E4F,47.667
4,22,0,4,44,16.2,37.667,0E3F -> 1E3F -> 0E4F,47.667
4,22.25,0,4,44,16.2,37.667,0E3F -> 1E3F -> 0E4F,47.667
4,22.5,0,4,44,16.2,37.667,0E3F -> 1E3F -> 0E4F,47.667
4,22.75,0,4,44,16.2,37.667,0E3F -> 1E3F -> 0E4F,47.667
4,23,0,4,44,16.2,37.667,0E3F -> 1E3F -> 0E4F,47.667
4,23.25,0,4,44,16.2,37.667,0E3F -> 1E3F -> 0E4F,47.667
4,23.5,0,4,44,16.2,37.667,0E3F -> 1E3F -> 0E4F,47.667
4,23.75,0,4,44,16.2,37.667,0E3F -> 1E3F -> 0E4F,47.667
4,24,0,4,44,16.2,37.667,0E3F -> 1E3F -> 0E4F,47.667
4,24.25,0,4,44,16.2,37.667,0E3F -> 1E3F -> 0E4F,47.667
4,24.5,0,4,44,16.2,37.667,0E3F -> 1E3F -> 0E4F,47.667
4,24.75,0,4,44,16.2,37.667,0E3F -> 1E3F -> 0E4F,47.667
4,25,0,4,44,16.2,37.667,0E3F -> 1E3F -> 0E4F,47.667
4,25.25,0,4,44,16.2,37.667,0E3F -> 1E3F -> 0E4F,47.667
4,25.5,0,4,44,16.2,37.667,0E3F -> 1E3F -> 0E4F,47.667
4,25.75,0,4,44,16.2,37.667,0E3F -> 1E3F -> 0E4F,47.667
4,26,0,4,44,16.2,37.667,0E3F -> 1E3F -> 0E4F,47.667
4,26.25,0,4,44,16.2,37.667,0E3F -> 1E3F -> 0E4F,47.667
4,26.5,0,4,44,16.2,37.667,0E3F -> 1E3F -> 0E4F,47.667
4,26.75,0,4,44,16.2,37.667,0E3F -> 1E3F -> 0E4F,47.667
4,27,0,4,44,16.2,37.667,0E3F -> 1E3F -> 0E4F,47.667
4,27.25,0,4,44,16.2,37.667,0E3F -> 1E3F -> 0E4F,47.667
4,27.5,0,4,44,16.2,37.667,0E3F -> 1E3F -> 0E4F,47.667
4,27.75,0,4,44,16.2,37.667,0E3F -> 1E3F -> 0E4F,47.667
4,28,0,4,44,16.2,37.667,0E3F -> 1E3F -> 0E4F,47.667
4,28.25,0,4,44,16.2,37.667,0E3F -> 1E3F -> 0E4F,47.667
4,28.5,0,4,44,16.2,37.667,0E3F -> 1E3F -> 0E4F,47.667
4,28.75,0,4,44,16.2,37.667,0E3F -> 1E3F -> 0E4F,47.667
4,29,0,4,44,16.2,37.667,0E3F -> 1E3F -> 0E4F,47.667
4,29.25,0,4,44,16.2,37.667,0E3F -> 1E3F -> 0E4F,47.667
4,29.5,0,4,44,16.2,37.667,0E3F -> 1E3F -> 0E4F,47.667
4,29.75,0,4,44,16.2,37.667,0E3F -> 1E3F -> 0E4F,47.667
4,30,0,4,44,16.2,37.667,0E3F -> 1E3F -> 0E4F,47.667
4,30.25,0,4,44,16.2,37.667,0E3F -> 1E3F -> 0E4F,47.667
4,30.5,0,4,44,16.2,37.667,0E3F -> 1E3F -> 0E4F,47.667
4,30.75,0,4,44,16.2,37.667,0E3F -> 1E3F -> 0E4F,47.667
4,31,0,4,44,16.2,37.667,0E3F -> 1E3F -> 0E4F,47.667
4,31.25,0,4,44,16.2,37.667,0E3F -> 1E3F -> 0E4F,47.667
4,31.5,0,4,44,16.2,37.667,0E3F -> 1E3F -> 0E4F,47.667
4,31.75,0,4,44,16.2,37.667,0E3F -> 1E3F -> 0E4F,47.667
4,32,0,4,44,16.2,37.667,0E3F -> 1E3F -> 0E4F,47.667
4,32.25,0,4,44,16.2,37.667,0E3F -> 1E3F -> 0E4F,47.667
4,32.5,0,4,44,16.2,37.667,0E3F -> 1E3F -> 0E4F,47.667
4,32.75,0,4,44,16.2,37.667,0E3F -> 1E3F -> 0E4F,47.667
4,33,0,4,44,16.2,37.667,0E3F -> 1E3F -> 0E4F,47.667
4,33.25,0,4,44,16.2,37.667,0E3F -> 1E3F -> 0E4F,47.667
4,33.5,0,4,44,16.2,37.667,0E3F -> 1E3F -> 0E4F,47.667
4,33.75,0,4,44,16.2,37.667,0E3F -> 1E3F -> 0E4F,47.667
4,34,0,4,44,16.2,37.667,0E3F -> 1E3F -> 0E4F,47.667
4,34.25,0,4,44,16.2,37.667,0E3F -> 1E3F -> 0E4F,47.667
4,34.5,0,4,44,16.2,37.667,0E3F -> 1E3F -> 0E4F,47.667
4,34.75,0,4,44,16.2,37.667,0E3F -> 1E3F -> 0E4F,47.667
4,35,0,4,44,16.2,37.667,0E3F -> 1E3F -> 0E4F,47.667
4,35.25,0,4,44,16.2,37.667,0E3F -> 1E3F -> 0E4F,47.667
4,35.5,0,4,44,16.2,37.667,0E3F -> 1E3F -> 0E4F,47.667
4,35.75,0,4,44,16.2,37.667,0E3F -> 1E3F -> 0E4F,47.667
4,36,0,4,44,16.2,37.667,0E3F -> 1E3F -> 0E4F,47.667
4,36.25,0,4,44,16.2,37.667,0E3F -> 1E3F -> 0E4F,47.667
4,36.5,0,4,44,16.2,37.667,0E3F -> 1E3F -> 0E4F,47.667
4,36.75,0,4,44,16.2,37.667,0E3F -> 1E3F -> 0E4F,47.667
4,37,0,4,44,16.2,37.667,0E3F -> 1E3F -> 0E4F,47.667
4,37.25,0,4,44,16.2,37.667,0E3F -> 1E3F -> 0E4F,47.667
4,37.5,0,4,44,16.2,37.667,0E3F -> 1E3F -> 0E4F,47.667
4,37.75,0,4,44,16.2,37.667,0E3F -> 1E3F -> 0E4F,47.667
4,38,0,4,44,16.2,37.667,0E3F -> 1E3F -> 0E4F,47.667
4,38.25,0,4,44,16.2,37.667,0E3F -> 1E3F -> 0E4F,47.667
4,38.5,0,4,44,16.2,37.667,0E3F -> 1E3F -> 0E4F,47.667
4,38.75,0,4,44,16.2,37.667,0E3F -> 1E3F -> 0E4F,47.667
4,39,0,4,44,16.2,37.667,0E3F -> 1E3F -> 0E4F,47.667
4,39.25,0,4,44,16.2,37.667,0E3F -> 1E3F -> 0E4F,47.667
4,39.5,0,4,44,16.2,37.667,0E3F -> 1E3F -> 0E4F,47.667
4,39.75,0,4,44,16.2,37.667,0E3F -> 1E3F -> 0E4F,47.667
4,40,0,4,44,16.2,37.667,0E3F -> 1E3F -> 0E4F,47.667
4,40.25,0,4,44,16.2,37.667,0E3F -> 1E3F -> 0E4F,47.667
4,40.5,0,4,44,16.2,37.667,0E3F -> 1E3F -> 0E4F,47.667
4,40.75,0,4,44,16.2,37.667,0E3F -> 1E3F -> 0E4F,47.667
4,41,0,4,44,16.2,37.667,0E3F -> 1E3F -> 0E4F,47.667
4,41.25,0,4,44,16.2,37.667,0E3F -> 1E3F -> 0E4F,47.667
4,41.5,0,4,44,16.2,37.667,0E3F -> 1E3F -> 0E4F,47.667
4,41.75,0,4,44,16.2,37.667,0E3F -> 1E3F -> 0E4F,47.667
4,42,0,4,44,16.2,37.667,0E3F -> 1E3F -> 0E4F,47.667
4,42.25,0,4,44,16.2,37.667,0E3F -> 1E3F -> 0E4F,47.667
4,42.5,0,4,44,16.2,37.667,0E3F -> 1E3F -> 0E4F,47.667
4,42.75,0,4,44,16.2,37.667,0E3F -> 1E3F -> 0E4F,47.667
4,43,0,4,44,16.2,37.667,0E3F -> 1E3F -> 0E4F,47.667
4,43.25,0,4,44,16.2,37.667,0E3F -> 1E3F -> 0E4F,47.667
4,43.5,0,4,44,16.2,37.667,0E3F -> 1E3F -> 0E4F,47.667
4,43.75,0,4,44,16.2,37.667,0E3F -> 1E3F -> 0E4F,47.667
4,44,0,4,44,16.2,37.667,0E3F -> 1E3F -> 0E4F,47.667
4,44.25,0,4,44,16.2,37.667,0E3F -> 1E3F -> 0E4F,47.667
4,44.5,0,4,44,16.2,37.667,0E3F -> 1E3F -> 0E4F,47.667
4,44.75,0,4,44,16.2,37.667,0E3F -> 1E3F -> 0E4F,47.667
4,45,0,4,44,16.2,37.667,0E3F -> 1E3F -> 0E4F,47.667
5,1.25,1,0,3,1.05,0,,10
5,1.5,1,0,3,1.05,0,,10
5,1.75,1,0,3,1.05,0,,10
5,2,1,0,3,1.05,0,,10
5,2.25,2,0,6,2.1,0,,10
5,2.5,2,0,6,2.1,0,,10
5,2.75,2,0,6,2.1,0,,10
5,3,2,0,6,2.1,0,,10
5,3.25,3,0,9,3.15,6,1E0F -> 2E0F -> 3E0F,16
5,3.5,3,0,9,3.15,6,1E0F -> 2E0F -> 3E0F,16
5,3.75,3,0,9,3.15,6,1E0F -> 2E0F -> 3E0F,16
5,4,3,0,9,3.15,6,1E0F -> 2E0F -> 3E0F,16
5,4.25,4,0,12,4.2,9,2E0F -> 3E0F -> 4E0F,19
5,4.5,4,0,12,4.2,9,2E0F -> 3E0F -> 4E0F,19
5,4.75,4,0,12,4.2,9,2E0F -> 3E0F -> 4E0F,19
5,5,4,0,12,4.2,9,2E0F -> 3E0F -> 4E0F,19
5,5.25,5,0,15,5.25,12,3E0F -> 4E0F -> 5E0F,22
5,5.5,5,0,15,5.25,12,3E0F -> 4E0F -> 5E0F,22
5,5.75,5,0,15,5.25,12,3E0F -> 4E0F -> 5E0F,22
5,6,5,0,15,5.25,12,3E0F -> 4E0F -> 5E0F,22
5,6.25,2,1,17,6.15,14,0E1F -> 1E1F -> 2E1F,24
5,6.5,2,1,17,6.15,14,0E1F -> 1E1F -> 2E1F,24
5,6.75,2,1,17,6.15,14,0E1F -> 1E1F -> 2E1F,24
5,7,2,1,17,6.15,14,0E1F -> 1E1F -> 2E1F,24
5,7.25,3,1,20,7.2,17,1E1F -> 2E1F -> 3E1F,27
5,7.5,3,1,20,7.2,17,1E1F -> 2E1F -> 3E1F,27
5,7.75,3,1,20,7.2,17,1E1F -> 2E1F -> 3E1F,27
5,8,3,1,20,7.2,17,1E1F -> 2E1F -> 3E1F,27
5,8.25,4,1,23,8.25,20,2E1F -> 3E1F -> 4E1F,30
5,8.5,4,1,23,8.25,20,2E1F -> 3E1F -> 4E1F,30
5,8.75,4,1,23,8.25,20,2E1F -> 3E1F -> 4E1F,30
5,9,4,1,23,8.25,20,2E1F -> 3E1F -> 4E1F,30
5,9.25,1,2,25,9.15,20.333,1E1F -> 0E2F -> 1E2F,30.333
5,9.5,1,2,25,9.15,20.333,1E1F -> 0E2F -> 1E2F,30.333
5,9.75,1,2,25,9.15,20.333,1E1F -> 0E2F -> 1E2F,30.333
5,10,1,2,25,9.15,20.333,1E1F -> 0E2F -> 1E2F,30.333
5,10.25,2,2,28,10.2,25,0E2F -> 1E2F -> 2E2F,35
5,10.5,2,2,28,10.2,25,0E2F -> 1E2F -> 2E2F,35
5,10.75,2,2,28,10.2,25,0E2F -> 1E2F -> 2E2F,35
5,11,2,2,28,10.2,25,0E2F -> 1E2F -> 2E2F,35
5,11.25,3,2,31,11.25,28,1E2F -> 2E2F -> 3E2F,38
5,11.5,3,2,31,11.25,28,1E2F -> 2E2F -> 3E2F,38
5,11.75,3,2,31,11.25,28,1E2F -> 2E2F -> 3E2F,38
5,12,3,2,31,11.25,28,1E2F -> 2E2F -> 3E2F,38
5,12.25,0,3,33,12.15,28,1E2F -> 2E2F -> 3E2F,38
5,12.5,0,3,33,12.15,28,1E2F -> 2E2F -> 3E2F,38
5,12.75,0,3,33,12.15,28,1E2F -> 2E2F -> 3E2F,38
5,13,0,3,33,12.15,28,1E2F -> 2E2F -> 3E2F,38
5,13.25,1,3,36,13.2,31.333,1E2F -> 0E3F -> 1E3F,41.333
5,13.5,1,3,36,13.2,31.333,1E2F -> 0E3F -> 1E3F,41.333
5,13.75,1,3,36,13.2,31.333,1E2F -> 0E3F -> 1E3F,41.333
5,14,1,3,36,13.2,31.333,1E2F -> 0E3F -> 1E3F,41.333
5,14.25,2,3,39,14.25,36,0E3F -> 1E3F -> 2E3F,46
5,14.5,2,3,39,14.25,36,0E3F -> 1E3F -> 2E3F,46
5,14.75,2,3,39,14.25,36,0E3F -> 1E3F -> 2E3F,46
5,15,2,3,39,14.25,36,0E3F -> 1E3F -> 2E3F,46
5,15.25,2,3,39,14.25,36,0E3F -> 1E3F -> 2E3F,46
5,15.5,2,3,39,14.25,36,0E3F -> 1E3F -> 2E3F,46
5,15.75,2,3,39,14.25,36,0E3F -> 1E3F -> 2E3F,46
5,16,2,3,39,14.25,36,0E3F -> 1E3F -> 2E3F,46
5,16.25,0,4,44,16.2,37.667,0E3F -> 1E3F -> 0E4F,47.667
5,16.5,0,4,44,16.2,37.667,0E3F -> 1E3F -> 0E4F,47.667
5,16.75,0,4,44,16.2,37.667,0E3F -> 1E3F -> 0E4F,47.667
5,17,0,4,44,16.2,37.667,0E3F -> 1E3F -> 0E4F,47.667
5,17.25,1,4,47,17.25,42.333,1E3F -> 0E4F -> 1E4F,52.333
5,17.5,1,4,47,17.25,42.333,1E3F -> 0E4F -> 1E4F,52.333
5,17.75,1,4,47,17.25,42.333,1E3F -> 0E4F -> 1E4F,52.333
5,18,1,4,47,17.25,42.333,1E3F -> 0E4F -> 1E4F,52.333
5,18.25,1,4,47,17.25,42.333,1E3F -> 0E4F -> 1E4F,52.333
5,18.5,1,4,47,17.25,42.333,1E3F -> 0E4F -> 1E4F,52.333
5,18.75,1,4,47,17.25,42.333,1E3F -> 0E4F -> 1E4F,52.333
5,19,1,4,47,17.25,42.333,1E3F -> 0E4F -> 1E4F,52.333
5,19.25,1,4,47,17.25,42.333,1E3F -> 0E4F -> 1E4F,52.333
5,19.5,1,4,47,17.25,42.333,1E3F -> 0E4F -> 1E4F,52.333
5,19.75,1,4,47,17.25,42.333,1E3F -> 0E4F -> 1E4F,52.333
5,20,1,4,47,17.25,42.333,1E3F -> 0E4F -> 1E4F,52.333
5,20.25,0,5,55,20.25,48.667,0E4F -> 1E4F -> 0E5F,58.667
5,20.5,0,5,55,20.25,48.667,0E4F -> 1E4F -> 0E5F,58.667
5,20.75,0,5,55,20.25,48.667,0E4F -> 1E4F -> 0E5F,58.667
5,21,0,5,55,20.25,48.667,0E4F -> 1E4F -> 0E5F,58.667
5,21.25,0,5,55,20.25,48.667,0E4F -> 1E4F -> 0E5F,58.667
5,21.5,0,5,55,20.25,48.667,0E4F -> 1E4F -> 0E5F,58.667
5,21.75,0,5,55,20.25,48.667,0E4F -> 1E4F -> 0E5F,58.667
5,22,0,5,55,20.25,48.667,0E4F -> 1E4F -> 0E5F,58.667
5,22.25,0,5,55,20.25,48.667,0E4F -> 1E4F -> 0E5F,58.667
5,22.5,0,5,55,20.25,48.667,0E4F -> 1E4F -> 0E5F,58.667
5,22.75,0,5,55,20.25,48.667,0E4F -> 1E4F -> 0E5F,58.667
5,23,0,5,55,20.25,48.667,0E4F -> 1E4F -> 0E5F,58.667
5,23.25,0,5,55,20.25,48.667,0E4F -> 1E4F -> 0E5F,58.667
5,23.5,0,5,55,20.25,48.667,0E4F -> 1E4F -> 0E5F,58.667
5,23.75,0,5,55,20.25,48.667,0E4F -> 1E4F -> 0E5F,58.667
5,24,0,5,55,20.25,48.667,0E4F -> 1E4F -> 0E5F,58.667
5,24.25,0,5,55,20.25,48.667,0E4F -> 1E4F -> 0E5F,58.667
5,24.5,0,5,55,20.25,48.667,0E4F -> 1E4F -> 0E5F,58.667
5,24.75,0,5,55,20.25,48.667,0E4F -> 1E4F -> 0E5F,58.667
5,25,0,5,55,20.25,48.667,0E4F -> 1E4F -> 0E5F,58.667
5,25.25,0,5,55,20.25,48.667,0E4F -> 1E4F -> 0E5F,58.667
5,25.5,0,5,55,20.25,48.667,0E4F -> 1E4F -> 0E5F,58.667
5,25.75,0,5,55,20.25,48.667,0E4F -> 1E4F -> 0E5F,58.667
5,26,0,5,55,20.25,48.667,0E4F -> 1E4F -> 0E5F,58.667
5,26.25,0,5,55,20.25,48.667,0E4F -> 1E4F -> 0E5F,58.667
5,26.5,0,5,55,20.25,48.667,0E4F -> 1E4F -> 0E5F,58.667
5,26.75,0,5,55,20.25,48.667,0E4F -> 1E4F -> 0E5F,58.667
5,27,0,5,55,20.25,48.667,0E4F -> 1E4F -> 0E5F,58.667
5,27.25,0,5,55,20.25,48.667,0E4F -> 1E4F -> 0E5F,58.667
5,27.5,0,5,55,20.25,48.667,0E4F -> 1E4F -> 0E5F,58.667
5,27.75,0,5,55,20.25,48.667,0E4F -> 1E4F -> 0E5F,58.667
5,28,0,5,55,20.25,48.667,0E4F -> 1E4F -> 0E5F,58.667
5,28.25,0,5,55,20.25,48.667,0E4F -> 1E4F -> 0E5F,58.667
5,28.5,0,5,55,20.25,48.667,0E4F -> 1E4F -> 0E5F,58.667
5,28.75,0,5,55,20.25,48.667,0E4F -> 1E4F -> 0E5F,58.667
5,29,0,5,55,20.25,48.667,0E4F -> 1E4F -> 0E5F,58.667
5,29.25,0,5,55,20.25,48.667,0E4F -> 1E4F -> 0E5F,58.667
5,29.5,0,5,55,20.25,48.667,0E4F -> 1E4F -> 0E5F,58.667
5,29.75,0,5,55,20.25,48.667,0E4F -> 1E4F -> 0E5F,58.667
5,30,0,5,55,20.25,48.667,0E4F -> 1E4F -> 0E5F,58.667
5,30.25,0,5,55,20.25,48.667,0E4F -> 1E4F -> 0E5F,58.667
5,30.5,0,5,55,20.25,48.667,0E4F -> 1E4F -> 0E5F,58.667
5,30.75,0,5,55,20.25,48.667,0E4F -> 1E4F -> 0E5F,58.667
5,31,0,5,55,20.25,48.667,0E4F -> 1E4F -> 0E5F,58.667
5,31.25,0,5,55,20.25,48.667,0E4F -> 1E4F -> 0E5F,58.667
5,31.5,0,5,55,20.25,48.667,0E4F -> 1E4F -> 0E5F,58.667
5,31.75,0,5,55,20.25,48.667,0E4F -> 1E4F -> 0E5F,58.667
5,32,0,5,55,20.25,48.667,0E4F -> 1E4F -> 0E5F,58.667
5,32.25,0,5,55,20.25,48.667,0E4F -> 1E4F -> 0E5F,58.667
5,32.5,0,5,55,20.25,48.667,0E4F -> 1E4F -> 0E5F,58.667
5,32.75,0,5,55,20.25,48.667,0E4F -> 1E4F -> 0E5F,58.667
5,33,0,5,55,20.25,48.667,0E4F -> 1E4F -> 0E5F,58.667
5,33.25,0,5,55,20.25,48.667,0E4F -> 1E4F -> 0E5F,58.667
5,33.5,0,5,55,20.25,48.667,0E4F -> 1E4F -> 0E5F,58.667
5,33.75,0,5,55,20.25,48.667,0E4F -> 1E4F -> 0E5F,58.667
5,34,0,5,55,20.25,48.667,0E4F -> 1E4F -> 0E5F,58.667
5,34.25,0,5,55,20.25,48.667,0E4F -> 1E4F -> 0E5F,58.667
5,34.5,0,5,55,20.25,48.667,0E4F -> 1E4F -> 0E5F,58.667
5,34.75,0,5,55,20.25,48.667,0E4F -> 1E4F -> 0E5F,58.667
5,35,0,5,55,20.25,48.667,0E4F -> 1E4F -> 0E5F,58.667
5,35.25,0,5,55,20.25,48.667,0E4F -> 1E4F -> 0E5F,58.667
5,35.5,0,5,55,20.25,48.667,0E4F -> 1E4F -> 0E5F,58.667
5,35.75,0,5,55,20.25,48.667,0E4F -> 1E4F -> 0E5F,58.667
5,36,0,5,55,20.25,48.667,0E4F -> 1E4F -> 0E5F,58.667
5,36.25,0,5,55,20.25,48.667,0E4F -> 1E4F -> 0E5F,58.667
5,36.5,0,5,55,20.25,48.667,0E4F -> 1E4F -> 0E5F,58.667
5,36.75,0,5,55,20.25,48.667,0E4F -> 1E4F -> 0E5F,58.667
5,37,0,5,55,20.25,48.667,0E4F -> 1E4F -> 0E5F,58.667
5,37.25,0,5,55,20.25,48.667,0E4F -> 1E4F -> 0E5F,58.667
5,37.5,0,5,55,20.25,48.667,0E4F -> 1E4F -> 0E5F,58.667
5,37.75,0,5,55,20.25,48.667,0E4F -> 1E4F -> 0E5F,58.667
5,38,0,5,55,20.25,48.667,0E4F -> 1E4F -> 0E5F,58.667
5,38.25,0,5,55,20.25,48.667,0E4F -> 1E4F -> 0E5F,58.667
5,38.5,0,5,55,20.25,48.667,0E4F -> 1E4F -> 0E5F,58.667
5,38.75,0,5,55,20.25,48.667,0E4F -> 1E4F -> 0E5F,58.667
5,39,0,5,55,20.25,48.667,0E4F -> 1E4F -> 0E5F,58.667
5,39.25,0,5,55,20.25,48.667,0E4F -> 1E4F -> 0E5F,58.667
5,39.5,0,5,55,20.25,48.667,0E4F -> 1E4F -> 0E5F,58.667
5,39.75,0,5,55,20.25,48.667,0E4F -> 1E4F -> 0E5F,58.667
5,40,0,5,55,20.25,48.667,0E4F -> 1E4F -> 0E5F,58.667
5,40.25,0,5,55,20.25,48.667,0E4F -> 1E4F -> 0E5F,58.667
5,40.5,0,5,55,20.25,48.667,0E4F -> 1E4F -> 0E5F,58.667
5,40.75,0,5,55,20.25,48.667,0E4F -> 1E4F -> 0E5F,58.667
5,41,0,5,55,20.25,48.667,0E4F -> 1E4F -> 0E5F,58.667
5,41.25,0,5,55,20.25,48.667,0E4F -> 1E4F -> 0E5F,58.667
5,41.5,0,5,55,20.25,48.667,0E4F -> 1E4F -> 0E5F,58.667
5,41.75,0,5,55,20.25,48.667,0E4F -> 1E4F -> 0E5F,58.667
5,42,0,5,55,20.25,48.667,0E4F -> 1E4F -> 0E5F,58.667
5,42.25,0,5,55,20.25,48.667,0E4F -> 1E4F -> 0E5F,58.667
5,42.5,0,5,55,20.25,48.667,0E4F -> 1E4F -> 0E5F,58.667
5,42.75,0,5,55,20.25,48.667,0E4F -> 1E4F -> 0E5F,58.667
5,43,0,5,55,20.25,48.667,0E4F -> 1E4F -> 0E5F,58.667
5,43.25,0,5,55,20.25,48.667,0E4F -> 1E4F -> 0E5F,58.667
5,43.5,0,5,55,20.25,48.667,0E4F -> 1E4F -> 0E5F,58.667
5,43.75,0,5,55,20.25,48.667,0E4F -> 1E4F -> 0E5F,58.667
5,44,0,5,55,20.25,48.667,0E4F -> 1E4F -> 0E5F,58.667
5,44.25,0,5,55,20.25,48.667,0E4F -> 1E4F -> 0E5F,58.667
5,44.5,0,5,55,20.25,48.667,0E4F -> 1E4F -> 0E5F,58.667
5,44.75,0,5,55,20.25,48.667,0E4F -> 1E4F -> 0E5F,58.667
5,45,0,5,55,20.25,48.667,0E4F -> 1E4F -> 0E5F,58.667
6,1.25,1,0,3,1.05,0,,10
6,1.5,1,0,3,1.05,0,,10
6,1.75,1,0,3,1.05,0,,10
6,2,1,0,3,1.05,0,,10
6,2.25,2,0,6,2.1,0,,10
6,2.5,2,0,6,2.1,0,,10
6,2.75,2,0,6,2.1,0,,10
6,3,2,0,6,2.1,0,,10
6,3.25,3,0,9,3.15,6,1E0F -> 2E0F -> 3E0F,16
6,3.5,3,0,9,3.15,6,1E0F -> 2E0F -> 3E0F,16
6,3.75,3,0,9,3.15,6,1E0F -> 2E0F -> 3E0F,16
6,4,3,0,9,3.15,6,1E0F -> 2E0F -> 3E0F,16
6,4.25,4,0,12,4.2,9,2E0F -> 3E0F -> 4E0F,19
6,4.5,4,0,12,4.2,9,2E0F -> 3E0F -> 4E0F,19
6,4.75,4,0,12,4.2,9,2E0F -> 3E0F -> 4E0F,19
6,5,4,0,12,4.2,9,2E0F -> 3E0F -> 4E0F,19
6,5.25,5,0,15,5.25,12,3E0F -> 4E0F -> 5E0F,22
6,5.5,5,0,15,5.25,12,3E0F -> 4E0F -> 5E0F,22
6,5.75,5,0,15,5.25,12,3E0F -> 4E0F -> 5E0F,22
6,6,5,0,15,5.25,12,3E0F -> 4E0F -> 5E0F,22
6,6.25,2,1,17,6.15,14,0E1F -> 1E1F -> 2E1F,24
6,6.5,6,0,18,6.3,15,4E0F -> 5E0F -> 6E0F,25
6,6.75,6,0,18,6.3,15,4E0F -> 5E0F -> 6E0F,25
6,7,6,0,18,6.3,15,4E0F -> 5E0F -> 6E0F,25
6,7.25,3,1,20,7.2,17,1E1F -> 2E1F -> 3E1F,27
6,7.5,3,1,20,7.2,17,1E1F -> 2E1F -> 3E1F,27
6,7.75,3,1,20,7.2,17,1E1F -> 2E1F -> 3E1F,27
6,8,3,1,20,7.2,17,1E1F -> 2E1F -> 3E1F,27
6,8.25,4,1,23,8.25,20,2E1F -> 3E1F -> 4E1F,30
6,8.5,4,1,23,8.25,20,2E1F -> 3E1F -> 4E1F,30
6,8.75,4,1,23,8.25,20,2E1F -> 3E1F -> 4E1F,30
6,9,4,1,23,8.25,20,2E1F -> 3E1F -> 4E1F,30
6,9.25,1,2,25,9.15,20.333,1E1F -> 0E2F -> 1E2F,30.333
6,9.5,5,1,26,9.3,23,3E1F -> 4E1F -> 5E1F,33
6,9.75,5,1,26,9.3,23,3E1F -> 4E1F -> 5E1F,33
6,10,5,1,26,9.3,23,3E1F -> 4E1F -> 5E1F,33
6,10.25,2,2,28,10.2,25,0E2F -> 1E2F -> 2E2F,35
6,10.5,2,2,28,10.2,25,0E2F -> 1E2F -> 2E2F,35
6,10.75,2,2,28,10.2,25,0E2F -> 1E2F -> 2E2F,35
6,11,2,2,28,10.2,25,0E2F -> 1E2F -> 2E2F,35
6,11.25,3,2,31,11.25,28,1E2F -> 2E2F -> 3E2F,38
6,11.5,3,2,31,11.25,28,1E2F -> 2E2F -> 3E2F,38
6,11.75,3,2,31,11.25,28,1E2F -> 2E2F -> 3E2F,38
6,12,3,2,31,11.25,28,1E2F -> 2E2F -> 3E2F,38
6,12.25,0,3,33,12.15,28,1E2F -> 2E2F -> 3E2F,38
6,12.5,4,2,34,12.3,31,2E2F -> 3E2F -> 4E2F,41
6,12.75,4,2,34,12.3,31,2E2F -> 3E2F -> 4E2F,41
6,13,4,2,34,12.3,31,2E2F -> 3E2F -> 4E2F,41
6,13.25,1,3,36,13.2,31.333,1E2F -> 0E3F -> 1E3F,41.333
6,13.5,1,3,36,13.2,31.333,1E2F -> 0E3F -> 1E3F,41.333
6,13.75,1,3,36,13.2,31.333,1E2F -> 0E3F -> 1E3F,41.333
6,14,1,3,36,13.2,31.333,1E2F -> 0E3F -> 1E3F,41.333
6,14.25,2,3,39,14.25,36,0E3F -> 1E3F -> 2E3F,46
6,14.5,2,3,39,14.25,36,0E3F -> 1E3F -> 2E3F,46
6,14.75,2,3,39,14.25,36,0E3F -> 1E3F -> 2E3F,46
6,15,2,3,39,14.25,36,0E3F -> 1E3F -> 2E3F,46
6,15.25,2,3,39,14.25,36,0E3F -> 1E3F -> 2E3F,46
6,15.5,3,3,42,15.3,39,1E3F -> 2E3F -> 3E3F,49
6,15.75,3,3,42,15.3,39,1E3F -> 2E3F -> 3E3F,49
6,16,3,3,42,15.3,39,1E3F -> 2E3F -> 3E3F,49
6,16.25,0,4,44,16.2,39,1E3F -> 2E3F -> 3E3F,49
6,16.5,0,4,44,16.2,39,1E3F -> 2E3F -> 3E3F,49
6,16.75,0,4,44,16.2,39,1E3F -> 2E3F -> 3E3F,49
6,17,0,4,44,16.2,39,1E3F -> 2E3F -> 3E3F,49
6,17.25,1,4,47,17.25,42.333,1E3F -> 0E4F -> 1E4F,52.333
6,17.5,1,4,47,17.25,42.333,1E3F -> 0E4F -> 1E4F,52.333
6,17.75,1,4,47,17.25,42.333,1E3F -> 0E4F -> 1E4F,52.333
6,18,1,4,47,17.25,42.333,1E3F -> 0E4F -> 1E4F,52.333
6,18.25,1,4,47,17.25,42.333,1E3F -> 0E4F -> 1E4F,52.333
6,18.5,2,4,50,18.3,47,0E4F -> 1E4F -> 2E4F,57
6,18.75,2,4,50,18.3,47,0E4F -> 1E4F -> 2E4F,57
6,19,2,4,50,18.3,47,0E4F -> 1E4F -> 2E4F,57
6,19.25,2,4,50,18.3,47,0E4F -> 1E4F -> 2E4F,57
6,19.5,2,4,50,18.3,47,0E4F -> 1E4F -> 2E4F,57
6,19.75,2,4,50,18.3,47,0E4F -> 1E4F -> 2E4F,57
6,20,2,4,50,18.3,47,0E4F -> 1E4F -> 2E4F,57
6,20.25,0,5,55,20.25,48.667,0E4F -> 1E4F -> 0E5F,58.667
6,20.5,0,5,55,20.25,48.667,0E4F -> 1E4F -> 0E5F,58.667
6,20.75,0,5,55,20.25,48.667,0E4F -> 1E4F -> 0E5F,58.667
6,21,0,5,55,20.25,48.667,0E4F -> 1E4F -> 0E5F,58.667
6,21.25,0,5,55,20.25,48.667,0E4F -> 1E4F -> 0E5F,58.667
6,21.5,1,5,58,21.3,53.333,1E4F -> 0E5F -> 1E5F,63.333
6,21.75,1,5,58,21.3,53.333,1E4F -> 0E5F -> 1E5F,63.333
6,22,1,5,58,21.3,53.333,1E4F -> 0E5F -> 1E5F,63.333
6,22.25,1,5,58,21.3,53.333,1E4F -> 0E5F -> 1E5F,63.333
6,22.5,1,5,58,21.3,53.333,1E4F -> 0E5F -> 1E5F,63.333
6,22.75,1,5,58,21.3,53.333,1E4F -> 0E5F -> 1E5F,63.333
6,23,1,5,58,21.3,53.333,1E4F -> 0E5F -> 1E5F,63.333
6,23.25,1,5,58,21.3,53.333,1E4F -> 0E5F -> 1E5F,63.333
6,23.5,1,5,58,21.3,53.333,1E4F -> 0E5F -> 1E5F,63.333
6,23.75,1,5,58,21.3,53.333,1E4F -> 0E5F -> 1E5F,63.333
6,24,1,5,58,21.3,53.333,1E4F -> 0E5F -> 1E5F,63.333
6,24.25,1,5,58,21.3,53.333,1E4F -> 0E5F -> 1E5F,63.333
6,24.5,0,6,66,24.3,59.667,0E5F -> 1E5F -> 0E6F,69.667
6,24.75,0,6,66,24.3,59.667,0E5F -> 1E5F -> 0E6F,69.667
6,25,0,6,66,24.3,59.667,0E5F -> 1E5F -> 0E6F,69.667
6,25.25,0,6,66,24.3,59.667,0E5F -> 1E5F -> 0E6F,69.667
6,25.5,0,6,66,24.3,59.667,0E5F -> 1E5F -> 0E6F,69.667
6,25.75,0,6,66,24.3,59.667,0E5F -> 1E5F -> 0E6F,69.667
6,26,0,6,66,24.3,59.667,0E5F -> 1E5F -> 0E6F,69.667
6,26.25,0,6,66,24.3,59.667,0E5F -> 1E5F -> 0E6F,69.667
6,26.5,0,6,66,24.3,59.667,0E5F -> 1E5F -> 0E6F,69.667
6,26.75,0,6,66,24.3,59.667,0E5F -> 1E5F -> 0E6F,69.667
6,27,0,6,66,24.3,59.667,0E5F -> 1E5F -> 0E6F,69.667
6,27.25,0,6,66,24.3,59.667,0E5F -> 1E5F -> 0E6F,69.667
6,27.5,0,6,66,24.3,59.667,0E5F -> 1E5F -> 0E6F,69.667
6,27.75,0,6,66,24.3,59.667,0E5F -> 1E5F -> 0E6F,69.667
6,28,0,6,66,24.3,59.667,0E5F -> 1E5F -> 0E6F,69.667
6,28.25,0,6,66,24.3,59.667,0E5F -> 1E5F -> 0E6F,69.667
6,28.5,0,6,66,24.3,59.667,0E5F -> 1E5F -> 0E6F,69.667
6,28.75,0,6,66,24.3,59.667,0E5F -> 1E5F -> 0E6F,69.667
6,29,0,6,66,24.3,59.667,0E5F -> 1E5F -> 0E6F,69.667
6,29.25,0,6,66,24.3,59.667,0E5F -> 1E5F -> 0E6F,69.667
6,29.5,0,6,66,24.3,59.667,0E5F -> 1E5F -> 0E6F,69.667
6,29.75,0,6,66,24.3,59.667,0E5F -> 1E5F -> 0E6F,69.667
6,30,0,6,66,24.3,59.667,0E5F -> 1E5F -> 0E6F,69.667
6,30.25,0,6,66,24.3,59.667,0E5F -> 1E5F -> 0E6F,69.667
6,30.5,0,6,66,24.3,59.667,0E5F -> 1E5F -> 0E6F,69.667
6,30.75,0,6,66,24.3,59.667,0E5F -> 1E5F -> 0E6F,69.667
6,31,0,6,66,24.3,59.667,0E5F -> 1E5F -> 0E6F,69.667
6,31.25,0,6,66,24.3,59.667,0E5F -> 1E5F -> 0E6F,69.667
6,31.5,0,6,66,24.3,59.667,0E5F -> 1E5F -> 0E6F,69.667
6,31.75,0,6,66,24.3,59.667,0E5F -> 1E5F -> 0E6F,69.667
6,32,0,6,66,24.3,59.667,0E5F -> 1E5F -> 0E6F,69.667
6,32.25,0,6,66,24.3,59.667,0E5F -> 1E5F -> 0E6F,69.667
6,32.5,0,6,66,24.3,59.667,0E5F -> 1E5F -> 0E6F,69.667
6,32.75,0,6,66,24.3,59.667,0E5F -> 1E5F -> 0E6F,69.667
6,33,0,6,66,24.3,59.667,0E5F -> 1E5F -> 0E6F,69.667
6,33.25,0,6,66,24.3,59.667,0E5F -> 1E5F -> 0E6F,69.667
6,33.5,0,6,66,24.3,59.667,0E5F -> 1E5F -> 0E6F,69.667
6,33.75,0,6,66,24.3,59.667,0E5F -> 1E5F -> 0E6F,69.667
6,34,0,6,66,24.3,59.667,0E5F -> 1E5F -> 0E6F,69.667
6,34.25,0,6,66,24.3,59.667,0E5F -> 1E5F -> 0E6F,69.667
6,34.5,0,6,66,24.3,59.667,0E5F -> 1E5F -> 0E6F,69.667
6,34.75,0,6,66,24.3,59.667,0E5F -> 1E5F -> 0E6F,69.667
6,35,0,6,66,24.3,59.667,0E5F -> 1E5F -> 0E6F,69.667
6,35.25,0,6,66,24.3,59.667,0E5F -> 1E5F -> 0E6F,69.667
6,35.5,0,6,66,24.3,59.667,0E5F -> 1E5F -> 0E6F,69.667
6,35.75,0,6,66,24.3,59.667,0E5F -> 1E5F -> 0E6F,69.667
6,36,0,6,66,24.3,59.667,0E5F -> 1E5F -> 0E6F,69.667
6,36.25,0,6,66,24.3,59.667,0E5F -> 1E5F -> 0E6F,69.667
6,36.5,0,6,66,24.3,59.667,0E5F -> 1E5F -> 0E6F,69.667
6,36.75,0,6,66,24.3,59.667,0E5F -> 1E5F -> 0E6F,69.667
6,37,0,6,66,24.3,59.667,0E5F -> 1E5F -> 0E6F,69.667
6,37.25,0,6,66,24.3,59.667,0E5F -> 1E5F -> 0E6F,69.667
6,37.5,0,6,66,24.3,59.667,0E5F -> 1E5F -> 0E6F,69.667
6,37.75,0,6,66,24.3,59.667,0E5F -> 1E5F -> 0E6F,69.667
6,38,0,6,66,24.3,59.667,0E5F -> 1E5F -> 0E6F,69.667
6,38.25,0,6,66,24.3,59.667,0E5F -> 1E5F -> 0E6F,69.667
6,38.5,0,6,66,24.3,59.667,0E5F -> 1E5F -> 0E6F,69.667
6,38.75,0,6,66,24.3,59.667,0E5F -> 1E5F -> 0E6F,69.667
6,39,0,6,66,24.3,59.667,0E5F -> 1E5F -> 0E6F,69.667
6,39.25,0,6,66,24.3,59.667,0E5F -> 1E5F -> 0E6F,69.667
6,39.5,0,6,66,24.3,59.667,0E5F -> 1E5F -> 0E6F,69.667
6,39.75,0,6,66,24.3,59.667,0E5F -> 1E5F -> 0E6F,69.667
6,40,0,6,66,24.3,59.667,0E5F -> 1E5F -> 0E6F,69.667
6,40.25,0,6,66,24.3,59.667,0E5F -> 1E5F -> 0E6F,69.667
6,40.5,0,6,66,24.3,59.667,0E5F -> 1E5F -> 0E6F,69.667
6,40.75,0,6,66,24.3,59.667,0E5F -> 1E5F -> 0E6F,69.667
6,41,0,6,66,24.3,59.667,0E5F -> 1E5F -> 0E6F,69.667
6,41.25,0,6,66,24.3,59.667,0E5F -> 1E5F -> 0E6F,69.667
6,41.5,0,6,66,24.3,59.667,0E5F -> 1E5F -> 0E6F,69.667
6,41.75,0,6,66,24.3,59.667,0E5F -> 1E5F -> 0E6F,69.667
6,42,0,6,66,24.3,59.667,0E5F -> 1E5F -> 0E6F,69.667
6,42.25,0,6,66,24.3,59.667,0E5F -> 1E5F -> 0E6F,69.667
6,42.5,0,6,66,24.3,59.667,0E5F -> 1E5F -> 0E6F,69.667
6,42.75,0,6,66,24.3,59.667,0E5F -> 1E5F -> 0E6F,69.667
6,43,0,6,66,24.3,59.667,0E5F -> 1E5F -> 0E6F,69.667
6,43.25,0,6,66,24.3,59.667,0E5F -> 1E5F -> 0E6F,69.667
6,43.5,0,6,66,24.3,59.667,0E5F -> 1E5F -> 0E6F,69.667
6,43.75,0,6,66,24.3,59.667,0E5F -> 1E5F -> 0E6F,69.667
6,44,0,6,66,24.3,59.667,0E5F -> 1E5F -> 0E6F,69.667
6,44.25,0,6,66,24.3,59.667,0E5F -> 1E5F -> 0E6F,69.667
6,44.5,0,6,66,24.3,59.667,0E5F -> 1E5F -> 0E6F,69.667
6,44.75,0,6,66,24.3,59.667,0E5F -> 1E5F -> 0E6F,69.667
6,45,0,6,66,24.3,59.667,0E5F -> 1E5F -> 0E6F,69.667
7,1.25,1,0,3,1.05,0,,10
7,1.5,1,0,3,1.05,0,,10
7,1.75,1,0,3,1.05,0,,10
7,2,1,0,3,1.05,0,,10
7,2.25,2,0,6,2.1,0,,10
7,2.5,2,0,6,2.1,0,,10
7,2.75,2,0,6,2.1,0,,10
7,3,2,0,6,2.1,0,,10
7,3.25,3,0,9,3.15,6,1E0F -> 2E0F -> 3E0F,16
7,3.5,3,0,9,3.15,6,1E0F -> 2E0F -> 3E0F,16
7,3.75,3,0,9,3.15,6,1E0F -> 2E0F -> 3E0F,16
7,4,3,0,9,3.15,6,1E0F -> 2E0F -> 3E0F,16
7,4.25,4,0,12,4.2,9,2E0F -> 3E0F -> 4E0F,19
7,4.5,4,0,12,4.2,9,2E0F -> 3E0F -> 4E0F,19
7,4.75,4,0,12,4.2,9,2E0F -> 3E0F -> 4E0F,19
7,5,4,0,12,4.2,9,2E0F -> 3E0F -> 4E0F,19
7,5.25,5,0,15,5.25,12,3E0F -> 4E0F -> 5E0F,22
7,5.5,5,0,15,5.25,12,3E0F -> 4E0F -> 5E0F,22
7,5.75,5,0,15,5.25,12,3E0F -> 4E0F -> 5E0F,22
7,6,5,0,15,5.25,12,3E0F -> 4E0F -> 5E0F,22
7,6.25,2,1,17,6.15,14,0E1F -> 1E1F -> 2E1F,24
7,6.5,6,0,18,6.3,15,4E0F -> 5E0F -> 6E0F,25
7,6.75,6,0,18,6.3,15,4E0F -> 5E0F -> 6E0F,25
7,7,6,0,18,6.3,15,4E0F -> 5E0F -> 6E0F,25
7,7.25,3,1,20,7.2,17,1E1F -> 2E1F -> 3E1F,27
7,7.5,7,0,21,7.35,18,5E0F -> 6E0F -> 7E0F,28
7,7.75,7,0,21,7.35,18,5E0F -> 6E0F -> 7E0F,28
7,8,7,0,21,7.35,18,5E0F -> 6E0F -> 7E0F,28
7,8.25,4,1,23,8.25,20,2E1F -> 3E1F -> 4E1F,30
7,8.5,4,1,23,8.25,20,2E1F -> 3E1F -> 4E1F,30
7,8.75,4,1,23,8.25,20,2E1F -> 3E1F -> 4E1F,30
7,9,4,1,23,8.25,20,2E1F -> 3E1F -> 4E1F,30
7,9.25,1,2,25,9.15,20.333,1E1F -> 0E2F -> 1E2F,30.333
7,9.5,5,1,26,9.3,23,3E1F -> 4E1F -> 5E1F,33
7,9.75,5,1,26,9.3,23,3E1F -> 4E1F -> 5E1F,33
7,10,5,1,26,9.3,23,3E1F -> 4E1F -> 5E1F,33
7,10.25,2,2,28,10.2,25,0E2F -> 1E2F -> 2E2F,35
7,10.5,6,1,29,10.35,26,4E1F -> 5E1F -> 6E1F,36
7,10.75,6,1,29,10.35,26,4E1F -> 5E1F -> 6E1F,36
7,11,6,1,29,10.35,26,4E1F -> 5E1F -> 6E1F,36
7,11.25,3,2,31,11.25,28,1E2F -> 2E2F -> 3E2F,38
7,11.5,3,2,31,11.25,28,1E2F -> 2E2F -> 3E2F,38
7,11.75,3,2,31,11.25,28,1E2F -> 2E2F -> 3E2F,38
7,12,3,2,31,11.25,28,1E2F -> 2E2F -> 3E2F,38
7,12.25,0,3,33,12.15,28,1E2F -> 2E2F -> 3E2F,38
7,12.5,4,2,34,12.3,31,2E2F -> 3E2F -> 4E2F,41
7,12.75,4,2,34,12.3,31,2E2F -> 3E2F -> 4E2F,41
7,13,4,2,34,12.3,31,2E2F -> 3E2F -> 4E2F,41
7,13.25,1,3,36,13.2,31.333,1E2F -> 0E3F -> 1E3F,41.333
7,13.5,5,2,37,13.35,34,3E2F -> 4E2F -> 5E2F,44
7,13.75,5,2,37,13.35,34,3E2F -> 4E2F -> 5E2F,44
7,14,5,2,37,13.35,34,3E2F -> 4E2F -> 5E2F,44
7,14.25,2,3,39,14.25,36,0E3F -> 1E3F -> 2E3F,46
7,14.5,2,3,39,14.25,36,0E3F -> 1E3F -> 2E3F,46
7,14.75,2,3,39,14.25,36,0E3F -> 1E3F -> 2E3F,46
7,15,2,3,39,14.25,36,0E3F -> 1E3F -> 2E3F,46
7,15.25,2,3,39,14.25,36,0E3F -> 1E3F -> 2E3F,46
7,15.5,3,3,42,15.3,39,1E3F -> 2E3F -> 3E3F,49
7,15.75,3,3,42,15.3,39,1E3F -> 2E3F -> 3E3F,49
7,16,3,3,42,15.3,39,1E3F -> 2E3F -> 3E3F,49
7,16.25,0,4,44,16.2,39,1E3F -> 2E3F -> 3E3F,49
7,16.5,4,3,45,16.35,42,2E3F -> 3E3F -> 4E3F,52
7,16.75,4,3,45,16.35,42,2E3F -> 3E3F -> 4E3F,52
7,17,4,3,45,16.35,42,2E3F -> 3E3F -> 4E3F,52
7,17.25,1,4,47,17.25,42.333,1E3F -> 0E4F -> 1E4F,52.333
7,17.5,1,4,47,17.25,42.333,1E3F -> 0E4F -> 1E4F,52.333
7,17.75,1,4,47,17.25,42.333,1E3F -> 0E4F -> 1E4F,52.333
7,18,1,4,47,17.25,42.333,1E3F -> 0E4F -> 1E4F,52.333
7,18.25,1,4,47,17.25,42.333,1E3F -> 0E4F -> 1E4F,52.333
7,18.5,2,4,50,18.3,47,0E4F -> 1E4F -> 2E4F,57
7,18.75,2,4,50,18.3,47,0E4F -> 1E4F -> 2E4F,57
7,19,2,4,50,18.3,47,0E4F -> 1E4F -> 2E4F,57
7,19.25,2,4,50,18.3,47,0E4F -> 1E4F -> 2E4F,57
7,19.5,3,4,53,19.35,50,1E4F -> 2E4F -> 3E4F,60
7,19.75,3,4,53,19.35,50,1E4F -> 2E4F -> 3E4F,60
7,20,3,4,53,19.35,50,1E4F -> 2E4F -> 3E4F,60
7,20.25,0,5,55,20.25,50,1E4F -> 2E4F -> 3E4F,60
7,20.5,0,5,55,20.25,50,1E4F -> 2E4F -> 3E4F,60
7,20.75,0,5,55,20.25,50,1E4F -> 2E4F -> 3E4F,60
7,21,0,5,55,20.25,50,1E4F -> 2E4F -> 3E4F,60
7,21.25,0,5,55,20.25,50,1E4F -> 2E4F -> 3E4F,60
7,21.5,1,5,58,21.3,53.333,1E4F -> 0E5F -> 1E5F,63.333
7,21.75,1,5,58,21.3,53.333,1E4F -> 0E5F -> 1E5F,63.333
7,22,1,5,58,21.3,53.333,1E4F -> 0E5F -> 1E5F,63.333
7,22.25,1,5,58,21.3,53.333,1E4F -> 0E5F -> 1E5F,63.333
7,22.5,2,5,61,22.35,58,0E5F -> 1E5F -> 2E5F,68
7,22.75,2,5,61,22.35,58,0E5F -> 1E5F -> 2E5F,68
7,23,2,5,61,22.35,58,0E5F -> 1E5F -> 2E5F,68
7,23.25,2,5,61,22.35,58,0E5F -> 1E5F -> 2E5F,68
7,23.5,2,5,61,22.35,58,0E5F -> 1E5F -> 2E5F,68
7,23.75,2,5,61,22.35,58,0E5F -> 1E5F -> 2E5F,68
7,24,2,5,61,22.35,58,0E5F -> 1E5F -> 2E5F,68
7,24.25,2,5,61,22.35,58,0E5F -> 1E5F -> 2E5F,68
7,24.5,0,6,66,24.3,59.667,0E5F -> 1E5F -> 0E6F,69.667
7,24.75,0,6,66,24.3,59.667,0E5F -> 1E5F -> 0E6F,69.667
7,25,0,6,66,24.3,59.667,0E5F -> 1E5F -> 0E6F,69.667
7,25.25,0,6,66,24.3,59.667,0E5F -> 1E5F -> 0E6F,69.667
7,25.5,1,6,69,25.35,64.333,1E5F -> 0E6F -> 1E6F,74.333
7,25.75,1,6,69,25.35,64.333,1E5F -> 0E6F -> 1E6F,74.333
7,26,1,6,69,25.35,64.333,1E5F -> 0E6F -> 1E6F,74.333
7,26.25,1,6,69,25.35,64.333,1E5F -> 0E6F -> 1E6F,74.333
7,26.5,1,6,69,25.35,64.333,1E5F -> 0E6F -> 1E6F,74.333
7,26.75,1,6,69,25.35,64.333,1E5F -> 0E6F -> 1E6F,74.333
7,27,1,6,69,25.35,64.333,1E5F -> 0E6F -> 1E6F,74.333
7,27.25,1,6,69,25.35,64.333,1E5F -> 0E6F -> 1E6F,74.333
7,27.5,1,6,69,25.35,64.333,1E5F -> 0E6F -> 1E6F,74.333
7,27.75,1,6,69,25.35,64.333,1E5F -> 0E6F -> 1E6F,74.333
7,28,1,6,69,25.35,64.333,1E5F -> 0E6F -> 1E6F,74.333
7,28.25,1,6,69,25.35,64.333,1E5F -> 0E6F -> 1E6F,74.333
7,28.5,0,7,77,28.35,70.667,0E6F -> 1E6F -> 0E7F,80.667
7,28.75,0,7,77,28.35,70.667,0E6F -> 1E6F -> 0E7F,80.667
7,29,0,7,77,28.35,70.667,0E6F -> 1E6F -> 0E7F,80.667
7,29.25,0,7,77,28.35,70.667,0E6F -> 1E6F -> 0E7F,80.667
7,29.5,0,7,77,28.35,70.667,0E6F -> 1E6F -> 0E7F,80.667
7,29.75,0,7,77,28.35,70.667,0E6F -> 1E6F -> 0E7F,80.667
7,30,0,7,77,28.35,70.667,0E6F -> 1E6F -> 0E7F,80.667
7,30.25,0,7,77,28.35,70.667,0E6F -> 1E6F -> 0E7F,80.667
7,30.5,0,7,77,28.35,70.667,0E6F -> 1E6F -> 0E7F,80.667
7,30.75,0,7,77,28.35,70.667,0E6F -> 1E6F -> 0E7F,80.667
7,31,0,7,77,28.35,70.667,0E6F -> 1E6F -> 0E7F,80.667
7,31.25,0,7,77,28.35,70.667,0E6F -> 1E6F -> 0E7F,80.667
7,31.5,0,7,77,28.35,70.667,0E6F -> 1E6F -> 0E7F,80.667
7,31.75,0,7,77,28.35,70.667,0E6F -> 1E6F -> 0E7F,80.667
7,32,0,7,77,28.35,70.667,0E6F -> 1E6F -> 0E7F,80.667
7,32.25,0,7,77,28.35,70.667,0E6F -> 1E6F -> 0E7F,80.667
7,32.5,0,7,77,28.35,70.667,0E6F -> 1E6F -> 0E7F,80.667
7,32.75,0,7,77,28.35,70.667,0E6F -> 1E6F -> 0E7F,80.667
7,33,0,7,77,28.35,70.667,0E6F -> 1E6F -> 0E7F,80.667
7,33.25,0,7,77,28.35,70.667,0E6F -> 1E6F -> 0E7F,80.667
7,33.5,0,7,77,28.35,70.667,0E6F -> 1E6F -> 0E7F,80.667
7,33.75,0,7,77,28.35,70.667,0E6F -> 1E6F -> 0E7F,80.667
7,34,0,7,77,28.35,70.667,0E6F -> 1E6F -> 0E7F,80.667
7,34.25,0,7,77,28.35,70.667,0E6F -> 1E6F -> 0E7F,80.667
7,34.5,0,7,77,28.35,70.667,0E6F -> 1E6F -> 0E7F,80.667
7,34.75,0,7,77,28.35,70.667,0E6F -> 1E6F -> 0E7F,80.667
7,35,0,7,77,28.35,70.667,0E6F -> 1E6F -> 0E7F,80.667
7,35.25,0,7,77,28.35,70.667,0E6F -> 1E6F -> 0E7F,80.667
7,35.5,0,7,77,28.35,70.667,0E6F -> 1E6F -> 0E7F,80.667
7,35.75,0,7,77,28.35,70.667,0E6F -> 1E6F -> 0E7F,80.667
7,36,0,7,77,28.35,70.667,0E6F -> 1E6F -> 0E7F,80.667
7,36.25,0,7,77,28.35,70.667,0E6F -> 1E6F -> 0E7F,80.667
7,36.5,0,7,77,28.35,70.667,0E6F -> 1E6F -> 0E7F,80.667
7,36.75,0,7,77,28.35,70.667,0E6F -> 1E6F -> 0E7F,80.667
7,37,0,7,77,28.35,70.667,0E6F -> 1E6F -> 0E7F,80.667
7,37.25,0,7,77,28.35,70.667,0E6F -> 1E6F -> 0E7F,80.667
7,37.5,0,7,77,28.35,70.667,0E6F -> 1E6F -> 0E7F,80.667
7,37.75,0,7,77,28.35,70.667,0E6F -> 1E6F -> 0E7F,80.667
7,38,0,7,77,28.35,70.667,0E6F -> 1E6F -> 0E7F,80.667
7,38.25,0,7,77,28.35,70.667,0E6F -> 1E6F -> 0E7F,80.667
7,38.5,0,7,77,28.35,70.667,0E6F -> 1E6F -> 0E7F,80.667
7,38.75,0,7,77,28.35,70.667,0E6F -> 1E6F -> 0E7F,80.667
7,39,0,7,77,28.35,70.667,0E6F -> 1E6F -> 0E7F,80.667
7,39.25,0,7,77,28.35,70.667,0E6F -> 1E6F -> 0E7F,80.667
7,39.5,0,7,77,28.35,70.667,0E6F -> 1E6F -> 0E7F,80.667
7,39.75,0,7,77,28.35,70.667,0E6F -> 1E6F -> 0E7F,80.667
7,40,0,7,77,28.35,70.667,0E6F -> 1E6F -> 0E7F,80.667
7,40.25,0,7,77,28.35,70.667,0E6F -> 1E6F -> 0E7F,80.667
7,40.5,0,7,77,28.35,70.667,0E6F -> 1E6F -> 0E7F,80.667
7,40.75,0,7,77,28.35,70.667,0E6F -> 1E6F -> 0E7F,80.667
7,41,0,7,77,28.35,70.667,0E6F -> 1E6F -> 0E7F,80.667
7,41.25,0,7,77,28.35,70.667,0E6F -> 1E6F -> 0E7F,80.667
7,41.5,0,7,77,28.35,70.667,0E6F -> 1E6F -> 0E7F,80.667
7,41.75,0,7,77,28.35,70.667,0E6F -> 1E6F -> 0E7F,80.667
7,42,0,7,77,28.35,70.667,0E6F -> 1E6F -> 0E7F,80.667
7,42.25,0,7,77,28.35,70.667,0E6F -> 1E6F -> 0E7F,80.667
7,42.5,0,7,77,28.35,70.667,0E6F -> 1E6F -> 0E7F,80.667
7,42.75,0,7,77,28.35,70.667,0E6F -> 1E6F -> 0E7F,80.667
7,43,0,7,77,28.35,70.667,0E6F -> 1E6F -> 0E7F,80.667
7,43.25,0,7,77,28.35,70.667,0E6F -> 1E6F -> 0E7F,80.667
7,43.5,0,7,77,28.35,70.667,0E6F -> 1E6F -> 0E7F,80.667
7,43.75,0,7,77,28.35,70.667,0E6F -> 1E6F -> 0E7F,80.667
7,44,0,7,77,28.35,70.667,0E6F -> 1E6F -> 0E7F,80.667
7,44.25,0,7,77,28.35,70.667,0E6F -> 1E6F -> 0E7F,80.667
7,44.5,0,7,77,28.35,70.667,0E6F -> 1E6F -> 0E7F,80.667
7,44.75,0,7,77,28.35,70.667,0E6F -> 1E6F -> 0E7F,80.667
7,45,0,7,77,28.35,70.667,0E6F -> 1E6F -> 0E7F,80.667
8,1.25,1,0,3,1.05,0,,10
8,1.5,1,0,3,1.05,0,,10
8,1.75,1,0,3,1.05,0,,10
8,2,1,0,3,1.05,0,,10
8,2.25,2,0,6,2.1,0,,10
8,2.5,2,0,6,2.1,0,,10
8,2.75,2,0,6,2.1,0,,10
8,3,2,0,6,2.1,0,,10
8,3.25,3,0,9,3.15,6,1E0F -> 2E0F -> 3E0F,16
8,3.5,3,0,9,3.15,6,1E0F -> 2E0F -> 3E0F,16
8,3.75,3,0,9,3.15,6,1E0F -> 2E0F -> 3E0F,16
8,4,3,0,9,3.15,6,1E0F -> 2E0F -> 3E0F,16
8,4.25,4,0,12,4.2,9,2E0F -> 3E0F -> 4E0F,19
8,4.5,4,0,12,4.2,9,2E0F -> 3E0F -> 4E0F,19
8,4.75,4,0,12,4.2,9,2E0F -> 3E0F -> 4E0F,19
8,5,4,0,12,4.2,9,2E0F -> 3E0F -> 4E0F,19
8,5.25,5,0,15,5.25,12,3E0F -> 4E0F -> 5E0F,22
8,5.5,5,0,15,5.25,12,3E0F -> 4E0F -> 5E0F,22
8,5.75,5,0,15,5.25,12,3E0F -> 4E0F -> 5E0F,22
8,6,5,0,15,5.25,12,3E0F -> 4E0F -> 5E0F,22
8,6.25,2,1,17,6.15,14,0E1F -> 1E1F -> 2E1F,24
8,6.5,6,0,18,6.3,15,4E0F -> 5E0F -> 6E0F,25
8,6.75,6,0,18,6.3,15,4E0F -> 5E0F -> 6E0F,25
8,7,6,0,18,6.3,15,4E0F -> 5E0F -> 6E0F,25
8,7.25,3,1,20,7.2,17,1E1F -> 2E1F -> 3E1F,27
8,7.5,7,0,21,7.35,18,5E0F -> 6E0F -> 7E0F,28
8,7.75,7,0,21,7.35,18,5E0F -> 6E0F -> 7E0F,28
8,8,7,0,21,7.35,18,5E0F -> 6E0F -> 7E0F,28
8,8.25,4,1,23,8.25,20,2E1F -> 3E1F -> 4E1F,30
8,8.5,8,0,24,8.4,21,6E0F -> 7E0F -> 8E0F,31
8,8.75,8,0,24,8.4,21,6E0F -> 7E0F -> 8E0F,31
8,9,8,0,24,8.4,21,6E0F -> 7E0F -> 8E0F,31
8,9.25,1,2,25,9.15,21,6E0F -> 7E0F -> 8E0F,31
8,9.5,5,1,26,9.3,23,3E1F -> 4E1F -> 5E1F,33
8,9.75,5,1,26,9.3,23,3E1F -> 4E1F -> 5E1F,33
8,10,5,1,26,9.3,23,3E1F -> 4E1F -> 5E1F,33
8,10.25,2,2,28,10.2,25,0E2F -> 1E2F -> 2E2F,35
8,10.5,6,1,29,10.35,26,4E1F -> 5E1F -> 6E1F,36
8,10.75,6,1,29,10.35,26,4E1F -> 5E1F -> 6E1F,36
8,11,6,1,29,10.35,26,4E1F -> 5E1F -> 6E1F,36
8,11.25,3,2,31,11.25,28,1E2F -> 2E2F -> 3E2F,38
8,11.5,7,1,32,11.4,29,5E1F -> 6E1F -> 7E1F,39
8,11.75,7,1,32,11.4,29,5E1F -> 6E1F -> 7E1F,39
8,12,7,1,32,11.4,29,5E1F -> 6E1F -> 7E1F,39
8,12.25,0,3,33,12.15,29,5E1F -> 6E1F -> 7E1F,39
8,12.5,4,2,34,12.3,31,2E2F -> 3E2F -> 4E2F,41
8,12.75,4,2,34,12.3,31,2E2F -> 3E2F -> 4E2F,41
8,13,4,2,34,12.3,31,2E2F -> 3E2F -> 4E2F,41
8,13.25,1,3,36,13.2,31.333,1E2F -> 0E3F -> 1E3F,41.333
8,13.5,5,2,37,13.35,34,3E2F -> 4E2F -> 5E2F,44
8,13.75,5,2,37,13.35,34,3E2F -> 4E2F -> 5E2F,44
8,14,5,2,37,13.35,34,3E2F -> 4E2F -> 5E2F,44
8,14.25,2,3,39,14.25,36,0E3F -> 1E3F -> 2E3F,46
8,14.5,6,2,40,14.4,37,4E2F -> 5E2F -> 6E2F,47
8,14.75,6,2,40,14.4,37,4E2F -> 5E2F -> 6E2F,47
8,15,6,2,40,14.4,37,4E2F -> 5E2F -> 6E2F,47
8,15.25,6,2,40,14.4,37,4E2F -> 5E2F -> 6E2F,47
8,15.5,3,3,42,15.3,39,1E3F -> 2E3F -> 3E3F,49
8,15.75,3,3,42,15.3,39,1E3F -> 2E3F -> 3E3F,49
8,16,3,3,42,15.3,39,1E3F -> 2E3F -> 3E3F,49
8,16.25,0,4,44,16.2,39,1E3F -> 2E3F -> 3E3F,49
8,16.5,4,3,45,16.35,42,2E3F -> 3E3F -> 4E3F,52
8,16.75,4,3,45,16.35,42,2E3F -> 3E3F -> 4E3F,52
8,17,4,3,45,16.35,42,2E3F -> 3E3F -> 4E3F,52
8,17.25,1,4,47,17.25,42.333,1E3F -> 0E4F -> 1E4F,52.333
8,17.5,5,3,48,17.4,45,3E3F -> 4E3F -> 5E3F,55
8,17.75,5,3,48,17.4,45,3E3F -> 4E3F -> 5E3F,55
8,18,5,3,48,17.4,45,3E3F -> 4E3F -> 5E3F,55
8,18.25,5,3,48,17.4,45,3E3F -> 4E3F -> 5E3F,55
8,18.5,2,4,50,18.3,47,0E4F -> 1E4F -> 2E4F,57
8,18.75,2,4,50,18.3,47,0E4F -> 1E4F -> 2E4F,57
8,19,2,4,50,18.3,47,0E4F -> 1E4F -> 2E4F,57
8,19.25,2,4,50,18.3,47,0E4F -> 1E4F -> 2E4F,57
8,19.5,3,4,53,19.35,50,1E4F -> 2E4F -> 3E4F,60
8,19.75,3,4,53,19.35,50,1E4F -> 2E4F -> 3E4F,60
8,20,3,4,53,19.35,50,1E4F -> 2E4F -> 3E4F,60
8,20.25,0,5,55,20.25,50,1E4F -> 2E4F -> 3E4F,60
8,20.5,4,4,56,20.4,53,2E4F -> 3E4F -> 4E4F,63
8,20.75,4,4,56,20.4,53,2E4F -> 3E4F -> 4E4F,63
8,21,4,4,56,20.4,53,2E4F -> 3E4F -> 4E4F,63
8,21.25,4,4,56,20.4,53,2E4F -> 3E4F -> 4E4F,63
8,21.5,1,5,58,21.3,53.333,1E4F -> 0E5F -> 1E5F,63.333
8,21.75,1,5,58,21.3,53.333,1E4F -> 0E5F -> 1E5F,63.333
8,22,1,5,58,21.3,53.333,1E4F -> 0E5F -> 1E5F,63.333
8,22.25,1,5,58,21.3,53.333,1E4F -> 0E5F -> 1E5F,63.333
8,22.5,2,5,61,22.35,58,0E5F -> 1E5F -> 2E5F,68
8,22.75,2,5,61,22.35,58,0E5F -> 1E5F -> 2E5F,68
8,23,2,5,61,22.35,58,0E5F -> 1E5F -> 2E5F,68
8,23.25,2,5,61,22.35,58,0E5F -> 1E5F -> 2E5F,68
8,23.5,3,5,64,23.4,61,1E5F -> 2E5F -> 3E5F,71
8,23.75,3,5,64,23.4,61,1E5F -> 2E5F -> 3E5F,71
8,24,3,5,64,23.4,61,1E5F -> 2E5F -> 3E5F,71
8,24.25,3,5,64,23.4,61,1E5F -> 2E5F -> 3E5F,71
8,24.5,0,6,66,24.3,61,1E5F -> 2E5F -> 3E5F,71
8,24.75,0,6,66,24.3,61,1E5F -> 2E5F -> 3E5F,71
8,25,0,6,66,24.3,61,1E5F -> 2E5F -> 3E5F,71
8,25.25,0,6,66,24.3,61,1E5F -> 2E5F -> 3E5F,71
8,25.5,1,6,69,25.35,64.333,1E5F -> 0E6F -> 1E6F,74.333
8,25.75,1,6,69,25.35,64.333,1E5F -> 0E6F -> 1E6F,74.333
8,26,1,6,69,25.35,64.333,1E5F -> 0E6F -> 1E6F,74.333
8,26.25,1,6,69,25.35,64.333,1E5F -> 0E6F -> 1E6F,74.333
8,26.5,2,6,72,26.4,69,0E6F -> 1E6F -> 2E6F,79
8,26.75,2,6,72,26.4,69,0E6F -> 1E6F -> 2E6F,79
8,27,2,6,72,26.4,69,0E6F -> 1E6F -> 2E6F,79
8,27.25,2,6,72,26.4,69,0E6F -> 1E6F -> 2E6F,79
8,27.5,2,6,72,26.4,69,0E6F -> 1E6F -> 2E6F,79
8,27.75,2,6,72,26.4,69,0E6F -> 1E6F -> 2E6F,79
8,28,2,6,72,26.4,69,0E6F -> 1E6F -> 2E6F,79
8,28.25,2,6,72,26.4,69,0E6F -> 1E6F -> 2E6F,79
8,28.5,0,7,77,28.35,70.667,0E6F -> 1E6F -> 0E7F,80.667
8,28.75,0,7,77,28.35,70.667,0E6F -> 1E6F -> 0E7F,80.667
8,29,0,7,77,28.35,70.667,0E6F -> 1E6F -> 0E7F,80.667
8,29.25,0,7,77,28.35,70.667,0E6F -> 1E6F -> 0E7F,80.667
8,29.5,1,7,80,29.4,75.333,1E6F -> 0E7F -> 1E7F,85.333
8,29.75,1,7,80,29.4,75.333,1E6F -> 0E7F -> 1E7F,85.333
8,30,1,7,80,29.4,75.333,1E6F -> 0E7F -> 1E7F,85.333
8,30.25,1,7,80,29.4,75.333,1E6F -> 0E7F -> 1E7F,85.333
8,30.5,1,7,80,29.4,75.333,1E6F -> 0E7F -> 1E7F,85.333
8,30.75,1,7,80,29.4,75.333,1E6F -> 0E7F -> 1E7F,85.333
8,31,1,7,80,29.4,75.333,1E6F -> 0E7F -> 1E7F,85.333
8,31.25,1,7,80,29.4,75.333,1E6F -> 0E7F -> 1E7F,85.333
8,31.5,1,7,80,29.4,75.333,1E6F -> 0E7F -> 1E7F,85.333
8,31.75,1,7,80,29.4,75.333,1E6F -> 0E7F -> 1E7F,85.333
8,32,1,7,80,29.4,75.333,1E6F -> 0E7F -> 1E7F,85.333
8,32.25,1,7,80,29.4,75.333,1E6F -> 0E7F -> 1E7F,85.333
8,32.5,0,8,88,32.4,81.667,0E7F -> 1E7F -> 0E8F,91.667
8,32.75,0,8,88,32.4,81.667,0E7F -> 1E7F -> 0E8F,91.667
8,33,0,8,88,32.4,81.667,0E7F -> 1E7F -> 0E8F,91.667
8,33.25,0,8,88,32.4,81.667,0E7F -> 1E7F -> 0E8F,91.667
8,33.5,0,8,88,32.4,81.667,0E7F -> 1E7F -> 0E8F,91.667
8,33.75,0,8,88,32.4,81.667,0E7F -> 1E7F -> 0E8F,91.667
8,34,0,8,88,32.4,81.667,0E7F -> 1E7F -> 0E8F,91.667
8,34.25,0,8,88,32.4,81.667,0E7F -> 1E7F -> 0E8F,91.667
8,34.5,0,8,88,32.4,81.667,0E7F -> 1E7F -> 0E8F,91.667
8,34.75,0,8,88,32.4,81.667,0E7F -> 1E7F -> 0E8F,91.667
8,35,0,8,88,32.4,81.667,0E7F -> 1E7F -> 0E8F,91.667
8,35.25,0,8,88,32.4,81.667,0E7F -> 1E7F -> 0E8F,91.667
8,35.5,0,8,88,32.4,81.667,0E7F -> 1E7F -> 0E8F,91.667
8,35.75,0,8,88,32.4,81.667,0E7F -> 1E7F -> 0E8F,91.667
8,36,0,8,88,32.4,81.667,0E7F -> 1E7F -> 0E8F,91.667
8,36.25,0,8,88,32.4,81.667,0E7F -> 1E7F -> 0E8F,91.667
8,36.5,0,8,88,32.4,81.667,0E7F -> 1E7F -> 0E8F,91.667
8,36.75,0,8,88,32.4,81.667,0E7F -> 1E7F -> 0E8F,91.667
8,37,0,8,88,32.4,81.667,0E7F -> 1E7F -> 0E8F,91.667
8,37.25,0,8,88,32.4,81.667,0E7F -> 1E7F -> 0E8F,91.667
8,37.5,0,8,88,32.4,81.667,0E7F -> 1E7F -> 0E8F,91.667
8,37.75,0,8,88,32.4,81.667,0E7F -> 1E7F -> 0E8F,91.667
8,38,0,8,88,32.4,81.667,0E7F -> 1E7F -> 0E8F,91.667
8,38.25,0,8,88,32.4,81.667,0E7F -> 1E7F -> 0E8F,91.667
8,38.5,0,8,88,32.4,81.667,0E7F -> 1E7F -> 0E8F,91.667
8,38.75,0,8,88,32.4,81.667,0E7F -> 1E7F -> 0E8F,91.667
8,39,0,8,88,32.4,81.667,0E7F -> 1E7F -> 0E8F,91.667
8,39.25,0,8,88,32.4,81.667,0E7F -> 1E7F -> 0E8F,91.667
8,39.5,0,8,88,32.4,81.667,0E7F -> 1E7F -> 0E8F,91.667
8,39.75,0,8,88,32.4,81.667,0E7F -> 1E7F -> 0E8F,91.667
8,40,0,8,88,32.4,81.667,0E7F -> 1E7F -> 0E8F,91.667
8,40.25,0,8,88,32.4,81.667,0E7F -> 1E7F -> 0E8F,91.667
8,40.5,0,8,88,32.4,81.667,0E7F -> 1E7F -> 0E8F,91.667
8,40.75,0,8,88,32.4,81.667,0E7F -> 1E7F -> 0E8F,91.667
8,41,0,8,88,32.4,81.667,0E7F -> 1E7F -> 0E8F,91.667
8,41.25,0,8,88,32.4,81.667,0E7F -> 1E7F -> 0E8F,91.667
8,41.5,0,8,88,32.4,81.667,0E7F -> 1E7F -> 0E8F,91.667
8,41.75,0,8,88,32.4,81.667,0E7F -> 1E7F -> 0E8F,91.667
8,42,0,8,88,32.4,81.667,0E7F -> 1E7F -> 0E8F,91.667
8,42.25,0,8,88,32.4,81.667,0E7F -> 1E7F -> 0E8F,91.667
8,42.5,0,8,88,32.4,81.667,0E7F -> 1E7F -> 0E8F,91.667
8,42.75,0,8,88,32.4,81.667,0E7F -> 1E7F -> 0E8F,91.667
8,43,0,8,88,32.4,81.667,0E7F -> 1E7F -> 0E8F,91.667
8,43.25,0,8,88,32.4,81.667,0E7F -> 1E7F -> 0E8F,91.667
8,43.5,0,8,88,32.4,81.667,0E7F -> 1E7F -> 0E8F,91.667
8,43.75,0,8,88,32.4,81.667,0E7F -> 1E7F -> 0E8F,91.667
8,44,0,8,88,32.4,81.667,0E7F -> 1E7F -> 0E8F,91.667
8,44.25,0,8,88,32.4,81.667,0E7F -> 1E7F -> 0E8F,91.667
8,44.5,0,8,88,32.4,81.667,0E7F -> 1E7F -> 0E8F,91.667
8,44.75,0,8,88,32.4,81.667,0E7F -> 1E7F -> 0E8F,91.667
8,45,0,8,88,32.4,81.667,0E7F -> 1E7F -> 0E8F,91.667
10,1.25,1,0,3,1.05,0,,10
10,1.5,1,0,3,1.05,0,,10
10,1.75,1,0,3,1.05,0,,10
10,2,1,0,3,1.05,0,,10
10,2.25,2,0,6,2.1,0,,10
10,2.5,2,0,6,2.1,0,,10
10,2.75,2,0,6,2.1,0,,10
10,3,2,0,6,2.1,0,,10
10,3.25,3,0,9,3.15,6,1E0F -> 2E0F -> 3E0F,16
10,3.5,3,0,9,3.15,6,1E0F -> 2E0F -> 3E0F,16
10,3.75,3,0,9,3.15,6,1E0F -> 2E0F -> 3E0F,16
10,4,3,0,9,3.15,6,1E0F -> 2E0F -> 3E0F,16
10,4.25,4,0,12,4.2,9,2E0F -> 3E0F -> 4E0F,19
10,4.5,4,0,12,4.2,9,2E0F -> 3E0F -> 4E0F,19
10,4.75,4,0,12,4.2,9,2E0F -> 3E0F -> 4E0F,19
10,5,4,0,12,4.2,9,2E0F -> 3E0F -> 4E0F,19
10,5.25,5,0,15,5.25,12,3E0F -> 4E0F -> 5E0F,22
10,5.5,5,0,15,5.25,12,3E0F -> 4E0F -> 5E0F,22
10,5.75,5,0,15,5.25,12,3E0F -> 4E0F -> 5E0F,22
10,6,5,0,15,5.25,12,3E0F -> 4E0F -> 5E0F,22
10,6.25,2,1,17,6.15,14,0E1F -> 1E1F -> 2E1F,24
10,6.5,6,0,18,6.3,15,4E0F -> 5E0F -> 6E0F,25
10,6.75,6,0,18,6.3,15,4E0F -> 5E0F -> 6E0F,25
10,7,6,0,18,6.3,15,4E0F -> 5E0F -> 6E0F,25
10,7.25,3,1,20,7.2,17,1E1F -> 2E1F -> 3E1F,27
10,7.5,7,0,21,7.35,18,5E0F -> 6E0F -> 7E0F,28
10,7.75,7,0,21,7.35,18,5E0F -> 6E0F -> 7E0F,28
10,8,7,0,21,7.35,18,5E0F -> 6E0F -> 7E0F,28
10,8.25,4,1,23,8.25,20,2E1F -> 3E1F -> 4E1F,30
10,8.5,8,0,24,8.4,21,6E0F -> 7E0F -> 8E0F,31
10,8.75,8,0,24,8.4,21,6E0F -> 7E0F -> 8E0F,31
10,9,8,0,24,8.4,21,6E0F -> 7E0F -> 8E0F,31
10,9.25,1,2,25,9.15,21,6E0F -> 7E0F -> 8E0F,31
10,9.5,9,0,27,9.45,24,7E0F -> 8E0F -> 9E0F,34
10,9.75,9,0,27,9.45,24,7E0F -> 8E0F -> 9E0F,34
10,10,9,0,27,9.45,24,7E0F -> 8E0F -> 9E0F,34
10,10.25,2,2,28,10.2,25,0E2F -> 1E2F -> 2E2F,35
10,10.5,10,0,30,10.5,27,8E0F -> 9E0F -> 10E0F,37
10,10.75,10,0,30,10.5,27,8E0F -> 9E0F -> 10E0F,37
10,11,10,0,30,10.5,27,8E0F -> 9E0F -> 10E0F,37
10,11.25,3,2,31,11.25,28,1E2F -> 2E2F -> 3E2F,38
10,11.5,7,1,32,11.4,29,5E1F -> 6E1F -> 7E1F,39
10,11.75,7,1,32,11.4,29,5E1F -> 6E1F -> 7E1F,39
10,12,7,1,32,11.4,29,5E1F -> 6E1F -> 7E1F,39
10,12.25,0,3,33,12.15,29,5E1F -> 6E1F -> 7E1F,39
10,12.5,8,1,35,12.45,32,6E1F -> 7E1F -> 8E1F,42
10,12.75,8,1,35,12.45,32,6E1F -> 7E1F -> 8E1F,42
10,13,8,1,35,12.45,32,6E1F -> 7E1F -> 8E1F,42
10,13.25,1,3,36,13.2,32,6E1F -> 7E1F -> 8E1F,42
10,13.5,9,1,38,13.5,35,7E1F -> 8E1F -> 9E1F,45
10,13.75,9,1,38,13.5,35,7E1F -> 8E1F -> 9E1F,45
10,14,9,1,38,13.5,35,7E1F -> 8E1F -> 9E1F,45
10,14.25,2,3,39,14.25,36,0E3F -> 1E3F -> 2E3F,46
10,14.5,6,2,40,14.4,37,4E2F -> 5E2F -> 6E2F,47
10,14.75,6,2,40,14.4,37,4E2F -> 5E2F -> 6E2F,47
10,15,6,2,40,14.4,37,4E2F -> 5E2F -> 6E2F,47
10,15.25,6,2,40,14.4,37,4E2F -> 5E2F -> 6E2F,47
10,15.5,7,2,43,15.45,40,5E2F -> 6E2F -> 7E2F,50
10,15.75,7,2,43,15.45,40,5E2F -> 6E2F -> 7E2F,50
10,16,7,2,43,15.45,40,5E2F -> 6E2F -> 7E2F,50
10,16.25,0,4,44,16.2,40,5E2F -> 6E2F -> 7E2F,50
10,16.5,8,2,46,16.5,43,6E2F -> 7E2F -> 8E2F,53
10,16.75,8,2,46,16.5,43,6E2F -> 7E2F -> 8E2F,53
10,17,8,2,46,16.5,43,6E2F -> 7E2F -> 8E2F,53
10,17.25,1,4,47,17.25,43,6E2F -> 7E2F -> 8E2F,53
10,17.5,5,3,48,17.4,45,3E3F -> 4E3F -> 5E3F,55
10,17.75,5,3,48,17.4,45,3E3F -> 4E3F -> 5E3F,55
10,18,5,3,48,17.4,45,3E3F -> 4E3F -> 5E3F,55
10,18.25,5,3,48,17.4,45,3E3F -> 4E3F -> 5E3F,55
10,18.5,6,3,51,18.45,48,4E3F -> 5E3F -> 6E3F,58
10,18.75,6,3,51,18.45,48,4E3F -> 5E3F -> 6E3F,58
10,19,6,3,51,18.45,48,4E3F -> 5E3F -> 6E3F,58
10,19.25,6,3,51,18.45,48,4E3F -> 5E3F -> 6E3F,58
10,19.5,7,3,54,19.5,51,5E3F -> 6E3F -> 7E3F,61
10,19.75,7,3,54,19.5,51,5E3F -> 6E3F -> 7E3F,61
10,20,7,3,54,19.5,51,5E3F -> 6E3F -> 7E3F,61
10,20.25,0,5,55,20.25,51,5E3F -> 6E3F -> 7E3F,61
10,20.5,4,4,56,20.4,53,2E4F -> 3E4F -> 4E4F,63
10,20.75,4,4,56,20.4,53,2E4F -> 3E4F -> 4E4F,63
10,21,4,4,56,20.4,53,2E4F -> 3E4F -> 4E4F,63
10,21.25,4,4,56,20.4,53,2E4F -> 3E4F -> 4E4F,63
10,21.5,5,4,59,21.45,56,3E4F -> 4E4F -> 5E4F,66
10,21.75,5,4,59,21.45,56,3E4F -> 4E4F -> 5E4F,66
10,22,5,4,59,21.45,56,3E4F -> 4E4F -> 5E4F,66
10,22.25,5,4,59,21.45,56,3E4F -> 4E4F -> 5E4F,66
10,22.5,6,4,62,22.5,59,4E4F -> 5E4F -> 6E4F,69
10,22.75,6,4,62,22.5,59,4E4F -> 5E4F -> 6E4F,69
10,23,6,4,62,22.5,59,4E4F -> 5E4F -> 6E4F,69
10,23.25,6,4,62,22.5,59,4E4F -> 5E4F -> 6E4F,69
10,23.5,3,5,64,23.4,61,1E5F -> 2E5F -> 3E5F,71
10,23.75,3,5,64,23.4,61,1E5F -> 2E5F -> 3E5F,71
10,24,3,5,64,23.4,61,1E5F -> 2E5F -> 3E5F,71
10,24.25,3,5,64,23.4,61,1E5F -> 2E5F -> 3E5F,71
10,24.5,4,5,67,24.45,64,2E5F -> 3E5F -> 4E5F,74
10,24.75,4,5,67,24.45,64,2E5F -> 3E5F -> 4E5F,74
10,25,4,5,67,24.45,64,2E5F -> 3E5F -> 4E5F,74
10,25.25,4,5,67,24.45,64,2E5F -> 3E5F -> 4E5F,74
10,25.5,5,5,70,25.5,67,3E5F -> 4E5F -> 5E5F,77
10,25.75,5,5,70,25.5,67,3E5F -> 4E5F -> 5E5F,77
10,26,5,5,70,25.5,67,3E5F -> 4E5F -> 5E5F,77
10,26.25,5,5,70,25.5,67,3E5F -> 4E5F -> 5E5F,77
10,26.5,2,6,72,26.4,69,0E6F -> 1E6F -> 2E6F,79
10,26.75,2,6,72,26.4,69,0E6F -> 1E6F -> 2E6F,79
10,27,2,6,72,26.4,69,0E6F -> 1E6F -> 2E6F,79
10,27.25,2,6,72,26.4,69,0E6F -> 1E6F -> 2E6F,79
10,27.5,3,6,75,27.45,72,1E6F -> 2E6F -> 3E6F,82
10,27.75,3,6,75,27.45,72,1E6F -> 2E6F -> 3E6F,82
10,28,3,6,75,27.45,72,1E6F -> 2E6F -> 3E6F,82
10,28.25,3,6,75,27.45,72,1E6F -> 2E6F -> 3E6F,82
10,28.5,4,6,78,28.5,75,2E6F -> 3E6F -> 4E6F,85
10,28.75,4,6,78,28.5,75,2E6F -> 3E6F -> 4E6F,85
10,29,4,6,78,28.5,75,2E6F -> 3E6F -> 4E6F,85
10,29.25,4,6,78,28.5,75,2E6F -> 3E6F -> 4E6F,85
10,29.5,1,7,80,29.4,75.333,1E6F -> 0E7F -> 1E7F,85.333
10,29.75,1,7,80,29.4,75.333,1E6F -> 0E7F -> 1E7F,85.333
10,30,1,7,80,29.4,75.333,1E6F -> 0E7F -> 1E7F,85.333
10,30.25,1,7,80,29.4,75.333,1E6F -> 0E7F -> 1E7F,85.333
10,30.5,2,7,83,30.45,80,0E7F -> 1E7F -> 2E7F,90
10,30.75,2,7,83,30.45,80,0E7F -> 1E7F -> 2E7F,90
10,31,2,7,83,30.45,80,0E7F -> 1E7F -> 2E7F,90
10,31.25,2,7,83,30.45,80,0E7F -> 1E7F -> 2E7F,90
10,31.5,3,7,86,31.5,83,1E7F -> 2E7F -> 3E7F,93
10,31.75,3,7,86,31.5,83,1E7F -> 2E7F -> 3E7F,93
10,32,3,7,86,31.5,83,1E7F -> 2E7F -> 3E7F,93
10,32.25,3,7,86,31.5,83,1E7F -> 2E7F -> 3E7F,93
10,32.5,0,8,88,32.4,83,1E7F -> 2E7F -> 3E7F,93
10,32.75,0,8,88,32.4,83,1E7F -> 2E7F -> 3E7F,93
10,33,0,8,88,32.4,83,1E7F -> 2E7F -> 3E7F,93
10,33.25,0,8,88,32.4,83,1E7F -> 2E7F -> 3E7F,93
10,33.5,1,8,91,33.45,86.333,1E7F -> 0E8F -> 1E8F,96.333
10,33.75,1,8,91,33.45,86.333,1E7F -> 0E8F -> 1E8F,96.333
10,34,1,8,91,33.45,86.333,1E7F -> 0E8F -> 1E8F,96.333
10,34.25,1,8,91,33.45,86.333,1E7F -> 0E8F -> 1E8F,96.333
10,34.5,2,8,94,34.5,91,0E8F -> 1E8F -> 2E8F,101
10,34.75,2,8,94,34.5,91,0E8F -> 1E8F -> 2E8F,101
10,35,2,8,94,34.5,91,0E8F -> 1E8F -> 2E8F,101
10,35.25,2,8,94,34.5,91,0E8F -> 1E8F -> 2E8F,101
10,35.5,2,8,94,34.5,91,0E8F -> 1E8F -> 2E8F,101
10,35.75,2,8,94,34.5,91,0E8F -> 1E8F -> 2E8F,101
10,36,2,8,94,34.5,91,0E8F -> 1E8F -> 2E8F,101
10,36.25,2,8,94,34.5,91,0E8F -> 1E8F -> 2E8F,101
10,36.5,0,9,99,36.45,92.667,0E8F -> 1E8F -> 0E9F,102.67
10,36.75,0,9,99,36.45,92.667,0E8F -> 1E8F -> 0E9F,102.67
10,37,0,9,99,36.45,92.667,0E8F -> 1E8F -> 0E9F,102.67
10,37.25,0,9,99,36.45,92.667,0E8F -> 1E8F -> 0E9F,102.67
10,37.5,1,9,102,37.5,97.333,1E8F -> 0E9F -> 1E9F,107.33
10,37.75,1,9,102,37.5,97.333,1E8F -> 0E9F -> 1E9F,107.33
10,38,1,9,102,37.5,97.333,1E8F -> 0E9F -> 1E9F,107.33
10,38.25,1,9,102,37.5,97.333,1E8F -> 0E9F -> 1E9F,107.33
10,38.5,1,9,102,37.5,97.333,1E8F -> 0E9F -> 1E9F,107.33
10,38.75,1,9,102,37.5,97.333,1E8F -> 0E9F -> 1E9F,107.33
10,39,1,9,102,37.5,97.333,1E8F -> 0E9F -> 1E9F,107.33
10,39.25,1,9,102,37.5,97.333,1E8F -> 0E9F -> 1E9F,107.33
10,39.5,1,9,102,37.5,97.333,1E8F -> 0E9F -> 1E9F,107.33
10,39.75,1,9,102,37.5,97.333,1E8F -> 0E9F -> 1E9F,107.33
10,40,1,9,102,37.5,97.333,1E8F -> 0E9F -> 1E9F,107.33
10,40.25,1,9,102,37.5,97.333,1E8F -> 0E9F -> 1E9F,107.33
10,40.5,0,10,110,40.5,103.67,0E9F -> 1E9F -> 0E10F,113.67
10,40.75,0,10,110,40.5,103.67,0E9F -> 1E9F -> 0E10F,113.67
10,41,0,10,110,40.5,103.67,0E9F -> 1E9F -> 0E10F,113.67
10,41.25,0,10,110,40.5,103.67,0E9F -> 1E9F -> 0E10F,113.67
10,41.5,0,10,110,40.5,103.67,0E9F -> 1E9F -> 0E10F,113.67
10,41.75,0,10,110,40.5,103.67,0E9F -> 1E9F -> 0E10F,113.67
10,42,0,10,110,40.5,103.67,0E9F -> 1E9F -> 0E10F,113.67
10,42.25,0,10,110,40.5,103.67,0E9F -> 1E9F -> 0E10F,113.67
10,42.5,0,10,110,40.5,103.67,0E9F -> 1E9F -> 0E10F,113.67
10,42.75,0,10,110,40.5,103.67,0E9F -> 1E9F -> 0E10F,113.67
10,43,0,10,110,40.5,103.67,0E9F -> 1E9F -> 0E10F,113.67
10,43.25,0,10,110,40.5,103.67,0E9F -> 1E9F -> 0E10F,113.67
10,43.5,0,10,110,40.5,103.67,0E9F -> 1E9F -> 0E10F,113.67
10,43.75,0,10,110,40.5,103.67,0E9F -> 1E9F -> 0E10F,113.67
10,44,0,10,110,40.5,103.67,0E9F -> 1E9F -> 0E10F,113.67
10,44.25,0,10,110,40.5,103.67,0E9F -> 1E9F -> 0E10F,113.67
10,44.5,0,10,110,40.5,103.67,0E9F -> 1E9F -> 0E10F,113.67
10,44.75,0,10,110,40.5,103.67,0E9F -> 1E9F -> 0E10F,113.67
10,45,0,10,110,40.5,103.67,0E9F -> 1E9F -> 0E10F,113.67
12,1.25,1,0,3,1.05,0,,10
12,1.5,1,0,3,1.05,0,,10
12,1.75,1,0,3,1.05,0,,10
12,2,1,0,3,1.05,0,,10
12,2.25,2,0,6,2.1,0,,10
12,2.5,2,0,6,2.1,0,,10
12,2.75,2,0,6,2.1,0,,10
12,3,2,0,6,2.1,0,,10
12,3.25,3,0,9,3.15,6,1E0F -> 2E0F -> 3E0F,16
12,3.5,3,0,9,3.15,6,1E0F -> 2E0F -> 3E0F,16
12,3.75,3,0,9,3.15,6,1E0F -> 2E0F -> 3E0F,16
12,4,3,0,9,3.15,6,1E0F -> 2E0F -> 3E0F,16
12,4.25,4,0,12,4.2,9,2E0F -> 3E0F -> 4E0F,19
12,4.5,4,0,12,4.2,9,2E0F -> 3E0F -> 4E0F,19
12,4.75,4,0,12,4.2,9,2E0F -> 3E0F -> 4E0F,19
12,5,4,0,12,4.2,9,2E0F -> 3E0F -> 4E0F,19
12,5.25,5,0,15,5.25,12,3E0F -> 4E0F -> 5E0F,22
12,5.5,5,0,15,5.25,12,3E0F -> 4E0F -> 5E0F,22
12,5.75,5,0,15,5.25,12,3E0F -> 4E0F -> 5E0F,22
12,6,5,0,15,5.25,12,3E0F -> 4E0F -> 5E0F,22
12,6.25,2,1,17,6.15,14,0E1F -> 1E1F -> 2E1F,24
12,6.5,6,0,18,6.3,15,4E0F -> 5E0F -> 6E0F,25
12,6.75,6,0,18,6.3,15,4E0F -> 5E0F -> 6E0F,25
12,7,6,0,18,6.3,15,4E0F -> 5E0F -> 6E0F,25
12,7.25,3,1,20,7.2,17,1E1F -> 2E1F -> 3E1F,27
12,7.5,7,0,21,7.35,18,5E0F -> 6E0F -> 7E0F,28
12,7.75,7,0,21,7.35,18,5E0F -> 6E0F -> 7E0F,28
12,8,7,0,21,7.35,18,5E0F -> 6E0F -> 7E0F,28
12,8.25,4,1,23,8.25,20,2E1F -> 3E1F -> 4E1F,30
12,8.5,8,0,24,8.4,21,6E0F -> 7E0F -> 8E0F,31
12,8.75,8,0,24,8.4,21,6E0F -> 7E0F -> 8E0F,31
12,9,8,0,24,8.4,21,6E0F -> 7E0F -> 8E0F,31
12,9.25,1,2,25,9.15,21,6E0F -> 7E0F -> 8E0F,31
12,9.5,9,0,27,9.45,24,7E0F -> 8E0F -> 9E0F,34
12,9.75,9,0,27,9.45,24,7E0F -> 8E0F -> 9E0F,34
12,10,9,0,27,9.45,24,7E0F -> 8E0F -> 9E0F,34
12,10.25,2,2,28,10.2,25,0E2F -> 1E2F -> 2E2F,35
12,10.5,10,0,30,10.5,27,8E0F -> 9E0F -> 10E0F,37
12,10.75,10,0,30,10.5,27,8E0F -> 9E0F -> 10E0F,37
12,11,10,0,30,10.5,27,8E0F -> 9E0F -> 10E0F,37
12,11.25,3,2,31,11.25,28,1E2F -> 2E2F -> 3E2F,38
12,11.5,7,1,32,11.4,29,5E1F -> 6E1F -> 7E1F,39
12,11.75,11,0,33,11.55,30,9E0F -> 10E0F -> 11E0F,40
12,12,11,0,33,11.55,30,9E0F -> 10E0F -> 11E0F,40
12,12.25,0,3,33,12.15,30,9E0F -> 10E0F -> 11E0F,40
12,12.5,8,1,35,12.45,32,6E1F -> 7E1F -> 8E1F,42
12,12.75,12,0,36,12.6,33,10E0F -> 11E0F -> 12E0F,43
12,13,12,0,36,12.6,33,10E0F -> 11E0F -> 12E0F,43
12,13.25,1,3,36,13.2,33,10E0F -> 11E0F -> 12E0F,43
12,13.5,9,1,38,13.5,35,7E1F -> 8E1F -> 9E1F,45
12,13.75,9,1,38,13.5,35,7E1F -> 8E1F -> 9E1F,45
12,14,9,1,38,13.5,35,7E1F -> 8E1F -> 9E1F,45
12,14.25,2,3,39,14.25,36,0E3F -> 1E3F -> 2E3F,46
12,14.5,6,2,40,14.4,37,4E2F -> 5E2F -> 6E2F,47
12,14.75,10,1,41,14.55,38,8E1F -> 9E1F -> 10E1F,48
12,15,10,1,41,14.55,38,8E1F -> 9E1F -> 10E1F,48
12,15.25,10,1,41,14.55,38,8E1F -> 9E1F -> 10E1F,48
12,15.5,7,2,43,15.45,40,5E2F -> 6E2F -> 7E2F,50
12,15.75,11,1,44,15.6,41,9E1F -> 10E1F -> 11E1F,51
12,16,11,1,44,15.6,41,9E1F -> 10E1F -> 11E1F,51
12,16.25,0,4,44,16.2,41,9E1F -> 10E1F -> 11E1F,51
12,16.5,8,2,46,16.5,43,6E2F -> 7E2F -> 8E2F,53
12,16.75,8,2,46,16.5,43,6E2F -> 7E2F -> 8E2F,53
12,17,8,2,46,16.5,43,6E2F -> 7E2F -> 8E2F,53
12,17.25,1,4,47,17.25,43,6E2F -> 7E2F -> 8E2F,53
12,17.5,5,3,48,17.4,45,3E3F -> 4E3F -> 5E3F,55
12,17.75,9,2,49,17.55,46,7E2F -> 8E2F -> 9E2F,56
12,18,9,2,49,17.55,46,7E2F -> 8E2F -> 9E2F,56
12,18.25,9,2,49,17.55,46,7E2F -> 8E2F -> 9E2F,56
12,18.5,6,3,51,18.45,48,4E3F -> 5E3F -> 6E3F,58
12,18.75,10,2,52,18.6,49,8E2F -> 9E2F -> 10E2F,59
12,19,10,2,52,18.6,49,8E2F -> 9E2F -> 10E2F,59
12,19.25,10,2,52,18.6,49,8E2F -> 9E2F -> 10E2F,59
12,19.5,7,3,54,19.5,51,5E3F -> 6E3F -> 7E3F,61
12,19.75,7,3,54,19.5,51,5E3F -> 6E3F -> 7E3F,61
12,20,7,3,54,19.5,51,5E3F -> 6E3F -> 7E3F,61
12,20.25,0,5,55,20.25,51,5E3F -> 6E3F -> 7E3F,61
12,20.5,4,4,56,20.4,53,2E4F -> 3E4F -> 4E4F,63
12,20.75,8,3,57,20.55,54,6E3F -> 7E3F -> 8E3F,64
12,21,8,3,57,20.55,54,6E3F -> 7E3F -> 8E3F,64
12,21.25,8,3,57,20.55,54,6E3F -> 7E3F -> 8E3F,64
12,21.5,5,4,59,21.45,56,3E4F -> 4E4F -> 5E4F,66
12,21.75,9,3,60,21.6,57,7E3F -> 8E3F -> 9E3F,67
12,22,9,3,60,21.6,57,7E3F -> 8E3F -> 9E3F,67
12,22.25,9,3,60,21.6,57,7E3F -> 8E3F -> 9E3F,67
12,22.5,6,4,62,22.5,59,4E4F -> 5E4F -> 6E4F,69
12,22.75,6,4,62,22.5,59,4E4F -> 5E4F -> 6E4F,69
12,23,6,4,62,22.5,59,4E4F -> 5E4F -> 6E4F,69
12,23.25,6,4,62,22.5,59,4E4F -> 5E4F -> 6E4F,69
12,23.5,3,5,64,23.4,61,1E5F -> 2E5F -> 3E5F,71
12,23.75,7,4,65,23.55,62,5E4F -> 6E4F -> 7E4F,72
12,24,7,4,65,23.55,62,5E4F -> 6E4F -> 7E4F,72
12,24.25,7,4,65,23.55,62,5E4F -> 6E4F -> 7E4F,72
12,24.5,4,5,67,24.45,64,2E5F -> 3E5F -> 4E5F,74
12,24.75,8,4,68,24.6,65,6E4F -> 7E4F -> 8E4F,75
12,25,8,4,68,24.6,65,6E4F -> 7E4F -> 8E4F,75
12,25.25,8,4,68,24.6,65,6E4F -> 7E4F -> 8E4F,75
12,25.5,5,5,70,25.5,67,3E5F -> 4E5F -> 5E5F,77
12,25.75,5,5,70,25.5,67,3E5F -> 4E5F -> 5E5F,77
12,26,5,5,70,25.5,67,3E5F -> 4E5F -> 5E5F,77
12,26.25,5,5,70,25.5,67,3E5F -> 4E5F -> 5E5F,77
12,26.5,2,6,72,26.4,69,0E6F -> 1E6F -> 2E6F,79
12,26.75,6,5,73,26.55,70,4E5F -> 5E5F -> 6E5F,80
12,27,6,5,73,26.55,70,4E5F -> 5E5F -> 6E5F,80
12,27.25,6,5,73,26.55,70,4E5F -> 5E5F -> 6E5F,80
12,27.5,3,6,75,27.45,72,1E6F -> 2E6F -> 3E6F,82
12,27.75,7,5,76,27.6,73,5E5F -> 6E5F -> 7E5F,83
12,28,7,5,76,27.6,73,5E5F -> 6E5F -> 7E5F,83
12,28.25,7,5,76,27.6,73,5E5F -> 6E5F -> 7E5F,83
12,28.5,4,6,78,28.5,75,2E6F -> 3E6F -> 4E6F,85
12,28.75,4,6,78,28.5,75,2E6F -> 3E6F -> 4E6F,85
12,29,4,6,78,28.5,75,2E6F -> 3E6F -> 4E6F,85
12,29.25,4,6,78,28.5,75,2E6F -> 3E6F -> 4E6F,85
12,29.5,1,7,80,29.4,75.333,1E6F -> 0E7F -> 1E7F,85.333
12,29.75,5,6,81,29.55,78,3E6F -> 4E6F -> 5E6F,88
12,30,5,6,81,29.55,78,3E6F -> 4E6F -> 5E6F,88
12,30.25,5,6,81,29.55,78,3E6F -> 4E6F -> 5E6F,88
12,30.5,2,7,83,30.45,80,0E7F -> 1E7F -> 2E7F,90
12,30.75,6,6,84,30.6,81,4E6F -> 5E6F -> 6E6F,91
12,31,6,6,84,30.6,81,4E6F -> 5E6F -> 6E6F,91
12,31.25,6,6,84,30.6,81,4E6F -> 5E6F -> 6E6F,91
12,31.5,3,7,86,31.5,83,1E7F -> 2E7F -> 3E7F,93
12,31.75,3,7,86,31.5,83,1E7F -> 2E7F -> 3E7F,93
12,32,3,7,86,31.5,83,1E7F -> 2E7F -> 3E7F,93
12,32.25,3,7,86,31.5,83,1E7F -> 2E7F -> 3E7F,93
12,32.5,0,8,88,32.4,83,1E7F -> 2E7F -> 3E7F,93
12,32.75,4,7,89,32.55,86,2E7F -> 3E7F -> 4E7F,96
12,33,4,7,89,32.55,86,2E7F -> 3E7F -> 4E7F,96
12,33.25,4,7,89,32.55,86,2E7F -> 3E7F -> 4E7F,96
12,33.5,1,8,91,33.45,86.333,1E7F -> 0E8F -> 1E8F,96.333
12,33.75,5,7,92,33.6,89,3E7F -> 4E7F -> 5E7F,99
12,34,5,7,92,33.6,89,3E7F -> 4E7F -> 5E7F,99
12,34.25,5,7,92,33.6,89,3E7F -> 4E7F -> 5E7F,99
12,34.5,2,8,94,34.5,91,0E8F -> 1E8F -> 2E8F,101
12,34.75,2,8,94,34.5,91,0E8F -> 1E8F -> 2E8F,101
12,35,2,8,94,34.5,91,0E8F -> 1E8F -> 2E8F,101
12,35.25,2,8,94,34.5,91,0E8F -> 1E8F -> 2E8F,101
12,35.5,2,8,94,34.5,91,0E8F -> 1E8F -> 2E8F,101
12,35.75,3,8,97,35.55,94,1E8F -> 2E8F -> 3E8F,104
12,36,3,8,97,35.55,94,1E8F -> 2E8F -> 3E8F,104
12,36.25,3,8,97,35.55,94,1E8F -> 2E8F -> 3E8F,104
12,36.5,0,9,99,36.45,94,1E8F -> 2E8F -> 3E8F,104
12,36.75,4,8,100,36.6,97,2E8F -> 3E8F -> 4E8F,107
12,37,4,8,100,36.6,97,2E8F -> 3E8F -> 4E8F,107
12,37.25,4,8,100,36.6,97,2E8F -> 3E8F -> 4E8F,107
12,37.5,1,9,102,37.5,97.333,1E8F -> 0E9F -> 1E9F,107.33
12,37.75,1,9,102,37.5,97.333,1E8F -> 0E9F -> 1E9F,107.33
12,38,1,9,102,37.5,97.333,1E8F -> 0E9F -> 1E9F,107.33
12,38.25,1,9,102,37.5,97.333,1E8F -> 0E9F -> 1E9F,107.33
12,38.5,1,9,102,37.5,97.333,1E8F -> 0E9F -> 1E9F,107.33
12,38.75,2,9,105,38.55,102,0E9F -> 1E9F -> 2E9F,112
12,39,2,9,105,38.55,102,0E9F -> 1E9F -> 2E9F,112
12,39.25,2,9,105,38.55,102,0E9F -> 1E9F -> 2E9F,112
12,39.5,2,9,105,38.55,102,0E9F -> 1E9F -> 2E9F,112
12,39.75,3,9,108,39.6,105,1E9F -> 2E9F -> 3E9F,115
12,40,3,9,108,39.6,105,1E9F -> 2E9F -> 3E9F,115
12,40.25,3,9,108,39.6,105,1E9F -> 2E9F -> 3E9F,115
12,40.5,0,10,110,40.5,105,1E9F -> 2E9F -> 3E9F,115
12,40.75,0,10,110,40.5,105,1E9F -> 2E9F -> 3E9F,115
12,41,0,10,110,40.5,105,1E9F -> 2E9F -> 3E9F,115
12,41.25,0,10,110,40.5,105,1E9F -> 2E9F -> 3E9F,115
12,41.5,0,10,110,40.5,105,1E9F -> 2E9F -> 3E9F,115
12,41.75,1,10,113,41.55,108.33,1E9F -> 0E10F -> 1E10F,118.33
12,42,1,10,113,41.55,108.33,1E9F -> 0E10F -> 1E10F,118.33
12,42.25,1,10,113,41.55,108.33,1E9F -> 0E10F -> 1E10F,118.33
12,42.5,1,10,113,41.55,108.33,1E9F -> 0E10F -> 1E10F,118.33
12,42.75,2,10,116,42.6,113,0E10F -> 1E10F -> 2E10F,123
12,43,2,10,116,42.6,113,0E10F -> 1E10F -> 2E10F,123
12,43.25,2,10,116,42.6,113,0E10F -> 1E10F -> 2E10F,123
12,43.5,2,10,116,42.6,113,0E10F -> 1E10F -> 2E10F,123
12,43.75,2,10,116,42.6,113,0E10F -> 1E10F -> 2E10F,123
12,44,2,10,116,42.6,113,0E10F -> 1E10F -> 2E10F,123
12,44.25,2,10,116,42.6,113,0E10F -> 1E10F -> 2E10F,123
12,44.5,2,10,116,42.6,113,0E10F -> 1E10F -> 2E10F,123
12,44.75,0,11,121,44.55,114.67,0E10F -> 1E10F -> 0E11F,124.67
12,45,0,11,121,44.55,114.67,0E10F -> 1E10F -> 0E11F,124.67
40,1.25,1,0,3,1.05,0,,10
40,1.5,1,0,3,1.05,0,,10
40,1.75,1,0,3,1.05,0,,10
40,2,1,0,3,1.05,0,,10
40,2.25,2,0,6,2.1,0,,10
40,2.5,2,0,6,2.1,0,,10
40,2.75,2,0,6,2.1,0,,10
40,3,2,0,6,2.1,0,,10
40,3.25,3,0,9,3.15,6,1E0F -> 2E0F -> 3E0F,16
40,3.5,3,0,9,3.15,6,1E0F -> 2E0F -> 3E0F,16
40,3.75,3,0,9,3.15,6,1E0F -> 2E0F -> 3E0F,16
40,4,3,0,9,3.15,6,1E0F -> 2E0F -> 3E0F,16
40,4.25,4,0,12,4.2,9,2E0F -> 3E0F -> 4E0F,19
40,4.5,4,0,12,4.2,9,2E0F -> 3E0F -> 4E0F,19
40,4.75,4,0,12,4.2,9,2E0F -> 3E0F -> 4E0F,19
40,5,4,0,12,4.2,9,2E0F -> 3E0F -> 4E0F,19
40,5.25,5,0,15,5.25,12,3E0F -> 4E0F -> 5E0F,22
40,5.5,5,0,15,5.25,12,3E0F -> 4E0F -> 5E0F,22
40,5.75,5,0,15,5.25,12,3E0F -> 4E0F -> 5E0F,22
40,6,5,0,15,5.25,12,3E0F -> 4E0F -> 5E0F,22
40,6.25,2,1,17,6.15,14,0E1F -> 1E1F -> 2E1F,24
40,6.5,6,0,18,6.3,15,4E0F -> 5E0F -> 6E0F,25
40,6.75,6,0,18,6.3,15,4E0F -> 5E0F -> 6E0F,25
40,7,6,0,18,6.3,15,4E0F -> 5E0F -> 6E0F,25
40,7.25,3,1,20,7.2,17,1E1F -> 2E1F -> 3E1F,27
40,7.5,7,0,21,7.35,18,5E0F -> 6E0F -> 7E0F,28
40,7.75,7,0,21,7.35,18,5E0F -> 6E0F -> 7E0F,28
40,8,7,0,21,7.35,18,5E0F -> 6E0F -> 7E0F,28
40,8.25,4,1,23,8.25,20,2E1F -> 3E1F -> 4E1F,30
40,8.5,8,0,24,8.4,21,6E0F -> 7E0F -> 8E0F,31
40,8.75,8,0,24,8.4,21,6E0F -> 7E0F -> 8E0F,31
40,9,8,0,24,8.4,21,6E0F -> 7E0F -> 8E0F,31
40,9.25,1,2,25,9.15,21,6E0F -> 7E0F -> 8E0F,31
40,9.5,9,0,27,9.45,24,7E0F -> 8E0F -> 9E0F,34
40,9.75,9,0,27,9.45,24,7E0F -> 8E0F -> 9E0F,34
40,10,9,0,27,9.45,24,7E0F -> 8E0F -> 9E0F,34
40,10.25,2,2,28,10.2,25,0E2F -> 1E2F -> 2E2F,35
40,10.5,10,0,30,10.5,27,8E0F -> 9E0F -> 10E0F,37
40,10.75,10,0,30,10.5,27,8E0F -> 9E0F -> 10E0F,37
40,11,10,0,30,10.5,27,8E0F -> 9E0F -> 10E0F,37
40,11.25,3,2,31,11.25,28,1E2F -> 2E2F -> 3E2F,38
40,11.5,7,1,32,11.4,29,5E1F -> 6E1F -> 7E1F,39
40,11.75,11,0,33,11.55,30,9E0F -> 10E0F -> 11E0F,40
40,12,11,0,33,11.55,30,9E0F -> 10E0F -> 11E0F,40
40,12.25,0,3,33,12.15,30,9E0F -> 10E0F -> 11E0F,40
40,12.5,8,1,35,12.45,32,6E1F -> 7E1F -> 8E1F,42
40,12.75,12,0,36,12.6,33,10E0F -> 11E0F -> 12E0F,43
40,13,12,0,36,12.6,33,10E0F -> 11E0F -> 12E0F,43
40,13.25,1,3,36,13.2,33,10E0F -> 11E0F -> 12E0F,43
40,13.5,9,1,38,13.5,35,7E1F -> 8E1F -> 9E1F,45
40,13.75,13,0,39,13.65,36,11E0F -> 12E0F -> 13E0F,46
40,14,13,0,39,13.65,36,11E0F -> 12E0F -> 13E0F,46
40,14.25,2,3,39,14.25,36,0E3F -> 1E3F -> 2E3F,46
40,14.5,6,2,40,14.4,37,4E2F -> 5E2F -> 6E2F,47
40,14.75,14,0,42,14.7,39,12E0F -> 13E0F -> 14E0F,49
40,15,14,0,42,14.7,39,12E0F -> 13E0F -> 14E0F,49
40,15.25,14,0,42,14.7,39,12E0F -> 13E0F -> 14E0F,49
40,15.5,7,2,43,15.45,40,5E2F -> 6E2F -> 7E2F,50
40,15.75,15,0,45,15.75,42,13E0F -> 14E0F -> 15E0F,52
40,16,15,0,45,15.75,42,13E0F -> 14E0F -> 15E0F,52
40,16.25,15,0,45,15.75,42,13E0F -> 14E0F -> 15E0F,52
40,16.5,8,2,46,16.5,43,6E2F -> 7E2F -> 8E2F,53
40,16.75,12,1,47,16.65,44,10E1F -> 11E1F -> 12E1F,54
40,17,16,0,48,16.8,45,14E0F -> 15E0F -> 16E0F,55
40,17.25,16,0,48,16.8,45,14E0F -> 15E0F -> 16E0F,55
40,17.5,5,3,48,17.4,45,3E3F -> 4E3F -> 5E3F,55
40,17.75,13,1,50,17.7,47,11E1F -> 12E1F -> 13E1F,57
40,18,17,0,51,17.85,48,15E0F -> 16E0F -> 17E0F,58
40,18.25,17,0,51,17.85,48,15E0F -> 16E0F -> 17E0F,58
40,18.5,6,3,51,18.45,48,4E3F -> 5E3F -> 6E3F,58
40,18.75,14,1,53,18.75,50,12E1F -> 13E1F -> 14E1F,60
40,19,18,0,54,18.9,51,16E0F -> 17E0F -> 18E0F,61
40,19.25,18,0,54,18.9,51,16E0F -> 17E0F -> 18E0F,61
40,19.5,7,3,54,19.5,51,5E3F -> 6E3F -> 7E3F,61
40,19.75,11,2,55,19.65,52,9E2F -> 10E2F -> 11E2F,62
40,20,19,0,57,19.95,54,17E0F -> 18E0F -> 19E0F,64
40,20.25,19,0,57,19.95,54,17E0F -> 18E0F -> 19E0F,64
40,20.5,19,0,57,19.95,54,17E0F -> 18E0F -> 19E0F,64
40,20.75,12,2,58,20.7,55,10E2F -> 11E2F -> 12E2F,65
40,21,20,0,60,21,57,18E0F -> 19E0F -> 20E0F,67
40,21.25,20,0,60,21,57,18E0F -> 19E0F -> 20E0F,67
40,21.5,20,0,60,21,57,18E0F -> 19E0F -> 20E0F,67
40,21.75,13,2,61,21.75,58,11E2F -> 12E2F -> 13E2F,68
40,22,17,1,62,21.9,59,15E1F -> 16E1F -> 17E1F,69
40,22.25,21,0,63,22.05,60,19E0F -> 20E0F -> 21E0F,70
40,22.5,21,0,63,22.05,60,19E0F -> 20E0F -> 21E0F,70
40,22.75,10,3,63,22.65,60,8E3F -> 9E3F -> 10E3F,70
40,23,18,1,65,22.95,62,16E1F -> 17E1F -> 18E1F,72
40,23.25,22,0,66,23.1,63,20E0F -> 21E0F -> 22E0F,73
40,23.5,22,0,66,23.1,63,20E0F -> 21E0F -> 22E0F,73
40,23.75,11,3,66,23.7,63,9E3F -> 10E3F -> 11E3F,73
40,24,19,1,68,24,65,17E1F -> 18E1F -> 19E1F,75
40,24.25,23,0,69,24.15,66,21E0F -> 22E0F -> 23E0F,76
40,24.5,23,0,69,24.15,66,21E0F -> 22E0F -> 23E0F,76
40,24.75,12,3,69,24.75,66,10E3F -> 11E3F -> 12E3F,76
40,25,16,2,70,24.9,67,14E2F -> 15E2F -> 16E2F,77
40,25.25,24,0,72,25.2,69,22E0F -> 23E0F -> 24E0F,79
40,25.5,24,0,72,25.2,69,22E0F -> 23E0F -> 24E0F,79
40,25.75,24,0,72,25.2,69,22E0F -> 23E0F -> 24E0F,79
40,26,17,2,73,25.95,70,15E2F -> 16E2F -> 17E2F,80
40,26.25,25,0,75,26.25,72,23E0F -> 24E0F -> 25E0F,82
40,26.5,25,0,75,26.25,72,23E0F -> 24E0F -> 25E0F,82
40,26.75,25,0,75,26.25,72,23E0F -> 24E0F -> 25E0F,82
40,27,18,2,76,27,73,16E2F -> 17E2F -> 18E2F,83
40,27.25,22,1,77,27.15,74,20E1F -> 21E1F -> 22E1F,84
40,27.5,26,0,78,27.3,75,24E0F -> 25E0F -> 26E0F,85
40,27.75,26,0,78,27.3,75,24E0F -> 25E0F -> 26E0F,85
40,28,15,3,78,27.9,75,13E3F -> 14E3F -> 15E3F,85
40,28.25,23,1,80,28.2,77,21E1F -> 22E1F -> 23E1F,87
40,28.5,27,0,81,28.35,78,25E0F -> 26E0F -> 27E0F,88
40,28.75,27,0,81,28.35,78,25E0F -> 26E0F -> 27E0F,88
40,29,16,3,81,28.95,78,14E3F -> 15E3F -> 16E3F,88
40,29.25,24,1,83,29.25,80,22E1F -> 23E1F -> 24E1F,90
40,29.5,28,0,84,29.4,81,26E0F -> 27E0F -> 28E0F,91
40,29.75,28,0,84,29.4,81,26E0F -> 27E0F -> 28E0F,91
40,30,17,3,84,30,81,15E3F -> 16E3F -> 17E3F,91
40,30.25,21,2,85,30.15,82,19E2F -> 20E2F -> 21E2F,92
40,30.5,29,0,87,30.45,84,27E0F -> 28E0F -> 29E0F,94
40,30.75,29,0,87,30.45,84,27E0F -> 28E0F -> 29E0F,94
40,31,29,0,87,30.45,84,27E0F -> 28E0F -> 29E0F,94
40,31.25,22,2,88,31.2,85,20E2F -> 21E2F -> 22E2F,95
40,31.5,30,0,90,31.5,87,28E0F -> 29E0F -> 30E0F,97
40,31.75,30,0,90,31.5,87,28E0F -> 29E0F -> 30E0F,97
40,32,30,0,90,31.5,87,28E0F -> 29E0F -> 30E0F,97
40,32.25,23,2,91,32.25,88,21E2F -> 22E2F -> 23E2F,98
40,32.5,27,1,92,32.4,89,25E1F -> 26E1F -> 27E1F,99
40,32.75,31,0,93,32.55,90,29E0F -> 30E0F -> 31E0F,100
40,33,31,0,93,32.55,90,29E0F -> 30E0F -> 31E0F,100
40,33.25,20,3,93,33.15,90,18E3F -> 19E3F -> 20E3F,100
40,33.5,28,1,95,33.45,92,26E1F -> 27E1F -> 28E1F,102
40,33.75,32,0,96,33.6,93,30E0F -> 31E0F -> 32E0F,103
40,34,32,0,96,33.6,93,30E0F -> 31E0F -> 32E0F,103
40,34.25,21,3,96,34.2,93,19E3F -> 20E3F -> 21E3F,103
40,34.5,29,1,98,34.5,95,27E1F -> 28E1F -> 29E1F,105
40,34.75,33,0,99,34.65,96,31E0F -> 32E0F -> 33E0F,106
40,35,33,0,99,34.65,96,31E0F -> 32E0F -> 33E0F,106
40,35.25,22,3,99,35.25,96,20E3F -> 21E3F -> 22E3F,106
40,35.5,26,2,100,35.4,97,24E2F -> 25E2F -> 26E2F,107
40,35.75,34,0,102,35.7,99,32E0F -> 33E0F -> 34E0F,109
40,36,34,0,102,35.7,99,32E0F -> 33E0F -> 34E0F,109
40,36.25,34,0,102,35.7,99,32E0F -> 33E0F -> 34E0F,109
40,36.5,27,2,103,36.45,100,25E2F -> 26E2F -> 27E2F,110
40,36.75,35,0,105,36.75,102,33E0F -> 34E0F -> 35E0F,112
40,37,35,0,105,36.75,102,33E0F -> 34E0F -> 35E0F,112
40,37.25,35,0,105,36.75,102,33E0F -> 34E0F -> 35E0F,112
40,37.5,28,2,106,37.5,103,26E2F -> 27E2F -> 28E2F,113
40,37.75,32,1,107,37.65,104,30E1F -> 31E1F -> 32E1F,114
40,38,36,0,108,37.8,105,34E0F -> 35E0F -> 36E0F,115
40,38.25,36,0,108,37.8,105,34E0F -> 35E0F -> 36E0F,115
40,38.5,25,3,108,38.4,105,23E3F -> 24E3F -> 25E3F,115
40,38.75,33,1,110,38.7,107,31E1F -> 32E1F -> 33E1F,117
40,39,37,0,111,38.85,108,35E0F -> 36E0F -> 37E0F,118
40,39.25,37,0,111,38.85,108,35E0F -> 36E0F -> 37E0F,118
40,39.5,26,3,111,39.45,108,24E3F -> 25E3F -> 26E3F,118
40,39.75,34,1,113,39.75,110,32E1F -> 33E1F -> 34E1F,120
40,40,38,0,114,39.9,111,36E0F -> 37E0F -> 38E0F,121
40,40.25,38,0,114,39.9,111,36E0F -> 37E0F -> 38E0F,121
40,40.5,27,3,114,40.5,111,25E3F -> 26E3F -> 27E3F,121
40,40.75,31,2,115,40.65,112,29E2F -> 30E2F -> 31E2F,122
40,41,39,0,117,40.95,114,37E0F -> 38E0F -> 39E0F,124
40,41.25,39,0,117,40.95,114,37E0F -> 38E0F -> 39E0F,124
40,41.5,39,0,117,40.95,114,37E0F -> 38E0F -> 39E0F,124
40,41.75,32,2,118,41.7,115,30E2F -> 31E2F -> 32E2F,125
40,42,40,0,120,42,117,38E0F -> 39E0F -> 40E0F,127
40,42.25,40,0,120,42,117,38E0F -> 39E0F -> 40E0F,127
40,42.5,40,0,120,42,117,38E0F -> 39E0F -> 40E0F,127
40,42.75,33,2,121,42.75,118,31E2F -> 32E2F -> 33E2F,128
40,43,37,1,122,42.9,119,35E1F -> 36E1F -> 37E1F,129
40,43.25,37,1,122,42.9,119,35E1F -> 36E1F -> 37E1F,129
40,43.5,26,4,122,43.5,119,24E4F -> 25E4F -> 26E4F,129
40,43.75,30,3,123,43.65,120,28E3F -> 29E3F -> 30E3F,130
40,44,38,1,125,43.95,122,36E1F -> 37E1F -> 38E1F,132
40,44.25,38,1,125,43.95,122,36E1F -> 37E1F -> 38E1F,132
40,44.5,38,1,125,43.95,122,36E1F -> 37E1F -> 38E1F,132
40,44.75,31,3,126,44.7,123,29E3F -> 30E3F -> 31E3F,133
40,45,39,1,128,45,125,37E1F -> 38E1F -> 39E1F,135
