w_pred_lb,n_slots,plan_top_frac,PS,plan,ideal_FFS,mean_FFS,p10_FFS,p50_FFS
12,4,1,28,1E1F -> 0E2F -> 1E2F -> 2E2F,35,33.778,35,35
12,4,0.95,28,1E1F -> 0E2F -> 1E2F -> 2E2F,35,33.858,35,35
12,4,0.9,28,1E1F -> 0E2F -> 1E2F -> 2E2F,35,33.774,35,35
12,5,1,31,0E2F -> 1E2F -> 2E2F -> 3E2F,38,35.754,26,38
12,5,0.95,31,0E2F -> 1E2F -> 2E2F -> 3E2F,38,35.738,26,38
12,5,0.9,28,1E1F -> 0E2F -> 1E2F -> 2E2F,35,33.785,35,35
12,6,1,31,0E2F -> 1E2F -> 2E2F -> 3E2F -> 4E2F,38,36.357,26,38
12,6,0.95,31,0E2F -> 1E2F -> 2E2F -> 3E2F -> 4E2F,38,36.316,26,38
12,6,0.9,28,1E1F -> 0E2F -> 1E2F -> 2E2F -> 4E2F,35,34.488,35,35
16,4,1,36,0E2F -> 1E2F -> 0E3F -> 1E3F -> 0E4F,41.333,41.641,41.333,41.333
16,4,0.95,36,0E2F -> 1E2F -> 0E3F -> 1E3F -> 0E4F,41.333,41.642,41.333,41.333
16,4,0.9,36,0E2F -> 1E2F -> 0E3F -> 1E3F -> 0E4F,41.333,41.625,41.333,41.333
16,5,1,39,1E2F -> 0E3F -> 1E3F -> 2E3F,46,44.575,46,46
16,5,0.95,39,1E2F -> 0E3F -> 1E3F -> 2E3F,46,44.652,46,46
16,5,0.9,39,1E2F -> 0E3F -> 1E3F -> 2E3F,46,44.583,46,46
16,6,1,42,0E3F -> 1E3F -> 2E3F -> 3E3F,49,45.568,37,49
16,6,0.95,39,1E2F -> 0E3F -> 1E3F -> 2E3F,46,44.63,46,46
16,6,0.9,39,1E2F -> 0E3F -> 1E3F -> 2E3F,46,44.592,46,46
20,4,1,44,1E2F -> 0E3F -> 1E3F -> 0E4F,47.667,46.219,47.667,47.667
20,4,0.95,44,1E2F -> 0E3F -> 1E3F -> 0E4F,47.667,46.319,47.667,47.667
20,4,0.9,44,1E2F -> 0E3F -> 1E3F -> 0E4F,47.667,46.216,47.667,47.667
20,5,1,47,0E3F -> 1E3F -> 0E4F -> 1E4F -> 0E5F,52.333,52.57,52.333,52.333
20,5,0.95,47,0E3F -> 1E3F -> 0E4F -> 1E4F -> 0E5F,52.333,52.576,52.333,52.333
20,5,0.9,47,0E3F -> 1E3F -> 0E4F -> 1E4F -> 0E5F,52.333,52.555,52.333,52.333
20,6,1,50,1E3F -> 0E4F -> 1E4F -> 2E4F,57,55.16,43.333,57
20,6,0.95,50,1E3F -> 0E4F -> 1E4F -> 2E4F,57,55.16,43.333,57
20,6,0.9,47,0E3F -> 1E3F -> 0E4F -> 1E4F -> 0E5F,52.333,52.527,52.333,52.333
