span_in,chord_in,S_ft2,AR,n_motors,prop,n_slots,airfoil,CLmax_trim,eta_max,W_TO_lb,limit,W_empty_lb,payload_cap_lb,E,F,FS_max,payload_used_lb,margin_lb,mean3,ladder,FFS_ideal,E_FFS,V_stall,V_R,length_in,bay_l_in,climb_grad,charge_Ah,t_flight_s,V_cruise,land_roll_free_ft,land_roll_brake_ft,length_ok
95,28,18.472,3.3929,2,12x6e,3,s1223,1.6432,1.1771,35.943,takeoff,17.519,18.424,0,3,33,12.15,6.2742,26.667,0E2F -> 1E2F -> 0E3F,36.667,36.662,32.509,35.76,93.945,15.2,0.11745,1.5179,120.65,45.513,366.57,108.53,True
95,28,18.472,3.3929,2,12x6e,4,s1223,1.6432,1.1771,35.978,takeoff,17.857,18.121,0,4,44,16.2,1.9212,37.667,0E3F -> 1E3F -> 0E4F,47.667,46.685,32.525,35.778,93.945,20.1,0.11831,1.505,120.47,45.535,369.21,108.97,True
95,28,18.472,3.3929,2,12x6e,5,s1223,1.6432,1.1771,35.998,takeoff,18.195,17.803,1,4,47,17.25,0.55327,42.333,1E3F -> 0E4F -> 1E4F,52.333,51.11,32.534,35.787,93.945,25,0.11879,1.4979,120.36,45.548,370.68,109.21,True
95,28,18.472,3.3929,2,12x6e,6,s1223,1.6432,1.1771,36.008,takeoff,18.531,17.477,1,4,47,17.25,0.22677,42.333,1E3F -> 0E4F -> 1E4F,52.333,52.418,32.539,35.793,93.945,29.9,0.11904,1.4942,120.31,45.554,371.46,109.34,True
95,28,18.472,3.3929,2,12x6e,7,s1223,1.6432,1.1771,35.707,takeoff,18.68,17.027,4,3,45,16.35,0.67738,42,2E3F -> 3E3F -> 4E3F,52,52.556,32.402,35.643,93.945,20.1,0.11167,1.6069,121.98,45.363,349.91,105.68,True
95,28,18.472,3.3929,2,12x6e,8,s1223,1.6432,1.1771,35.707,takeoff,18.772,16.935,4,3,45,16.35,0.58524,42,2E3F -> 3E3F -> 4E3F,52,52.019,32.402,35.643,93.945,20.1,0.11167,1.6069,121.98,45.363,349.91,105.68,True
95,28,18.472,3.3929,4,9x45e,3,s1223,1.6432,1.1771,36.205,takeoff,17.925,18.28,0,3,33,12.15,6.1303,26.667,0E2F -> 1E2F -> 0E3F,36.667,36.662,32.628,35.89,93.945,15.2,0.11166,1.5492,121.33,45.679,368.58,109.22,True
95,28,18.472,3.3929,4,9x45e,4,s1223,1.6432,1.1771,36.241,takeoff,18.263,17.978,0,4,44,16.2,1.7775,37.667,0E3F -> 1E3F -> 0E4F,47.667,46.685,32.644,35.908,93.945,20.1,0.11252,1.5361,121.13,45.701,371.23,109.66,True
95,28,18.472,3.3929,4,9x45e,5,s1223,1.6432,1.1771,36.26,takeoff,18.601,17.66,1,4,47,17.25,0.40962,42.333,1E3F -> 0E4F -> 1E4F,52.333,51.11,32.653,35.918,93.945,25,0.11299,1.529,121.02,45.714,372.7,109.91,True
95,28,18.472,3.3929,4,9x45e,6,s1223,1.6432,1.1771,36.271,takeoff,18.938,17.333,1,4,47,17.25,0.083159,42.333,1E3F -> 0E4F -> 1E4F,52.333,52.414,32.657,35.923,93.945,29.9,0.11324,1.5252,120.96,45.72,373.49,110.04,True
95,28,18.472,3.3929,4,9x45e,7,s1223,1.6432,1.1771,35.968,takeoff,19.086,16.883,4,3,45,16.35,0.5326,42,2E3F -> 3E3F -> 4E3F,52,51.334,32.521,35.773,93.945,20.1,0.1059,1.6394,122.76,45.529,351.88,106.36,True
95,28,18.472,3.3929,4,9x45e,8,s1223,1.6432,1.1771,35.968,takeoff,19.178,16.79,4,3,45,16.35,0.44045,42,2E3F -> 3E3F -> 4E3F,52,51.983,32.521,35.773,93.945,20.1,0.1059,1.6394,122.76,45.529,351.88,106.36,True
