n_motors,prop,I_design_A,Kv,WTO_max_lb,V_R_fps,T0_lbf,T_VR_lbf,t_ground_s
2,12x6e,70,740.59,29.08,37.329,10.568,8.0269,4.3964
2,12x6e,90,843.23,31.455,38.823,12.172,9.3237,4.2241
2,12x6e,110,944.74,33.22,39.897,13.45,10.346,4.1071
2,12x8e,70,656.46,28.757,37.121,9.8548,8.0605,4.4845
2,12x8e,90,747.79,31.099,38.603,11.404,9.3244,4.3016
2,12x8e,110,838.28,32.854,39.677,12.661,10.324,4.1755
2,12x10e,70,597.41,27.915,36.574,8.9352,7.8035,4.6124
2,12x10e,90,681.4,30.257,38.077,10.415,9.0385,4.4146
2,12x10e,110,765.24,32.041,39.183,11.645,10.033,4.2764
2,12x12e,70,559.77,26.926,35.92,8.0973,7.4448,4.7477
2,12x12e,90,640.75,29.273,37.453,9.4914,8.651,4.5354
2,12x12e,110,721.12,31.049,38.572,10.641,9.6202,4.3887
2,11x7e,70,759.31,28.213,36.768,9.5167,7.7903,4.5303
2,11x7e,90,864.03,30.491,38.224,10.988,8.9979,4.3484
2,11x7e,110,968.62,32.207,39.285,12.187,9.9668,4.2231
2,11x10e,70,656.68,26.855,35.872,8.1647,7.3567,4.7358
2,11x10e,90,750.32,29.151,37.375,9.5356,8.5327,4.529
2,11x10e,110,843.23,30.889,38.472,10.668,9.4781,4.3861
4,9x45e,70,875.73,29.177,37.391,11.028,7.9187,4.343
4,9x45e,90,997,31.63,38.931,12.686,9.2607,4.1746
4,9x45e,110,1117.5,33.475,40.05,14.008,10.345,4.059
4,9x6e,70,776.96,29.21,37.412,10.464,8.1547,4.4067
4,9x6e,90,885.05,31.613,38.921,12.087,9.4705,4.2299
4,9x6e,110,992.48,33.414,40.014,13.408,10.52,4.1081
4,9x75e,70,706.66,28.678,37.07,9.6406,8.0772,4.5103
4,9x75e,90,804.76,31.038,38.565,11.195,9.3514,4.3223
4,9x75e,110,901.58,32.819,39.656,12.468,10.365,4.192
