n_motors,prop,span_in,chord_in,S_ft2,AR,CLmax_trim,clmax_factor,WTO_max_lb
2,12x6e,95,14,9.2361,6.7857,1.4092,0.8,23.789
2,12x6e,95,14,9.2361,6.7857,1.5854,0.9,25.342
2,12x6e,95,14,9.2361,6.7857,1.7615,1,26.803
2,12x6e,95,14,9.2361,6.7857,1.9377,1.1,28.192
2,12x6e,95,16,10.556,5.9375,1.3937,0.8,25.304
2,12x6e,95,16,10.556,5.9375,1.5679,0.9,26.947
2,12x6e,95,16,10.556,5.9375,1.7421,1,28.494
2,12x6e,95,16,10.556,5.9375,1.9163,1.1,29.961
2,12x6e,95,18,11.875,5.2778,1.3795,0.8,26.688
2,12x6e,95,18,11.875,5.2778,1.552,0.9,28.414
2,12x6e,95,18,11.875,5.2778,1.7244,1,30.04
2,12x6e,95,18,11.875,5.2778,1.8969,1.1,31.58
2,12x6e,95,20,13.194,4.75,1.3665,0.8,27.949
2,12x6e,95,20,13.194,4.75,1.5373,0.9,29.754
2,12x6e,95,20,13.194,4.75,1.7081,1,31.455
2,12x6e,95,20,13.194,4.75,1.8789,1.1,33.065
2,12x6e,95,22,14.514,4.3182,1.3543,0.8,29.11
2,12x6e,95,22,14.514,4.3182,1.5236,0.9,30.988
2,12x6e,95,22,14.514,4.3182,1.6929,1,32.757
2,12x6e,95,22,14.514,4.3182,1.8622,1.1,34.429
2,12x6e,95,24,15.833,3.9583,1.3429,0.8,30.183
2,12x6e,95,24,15.833,3.9583,1.5108,0.9,32.129
2,12x6e,95,24,15.833,3.9583,1.6787,1,33.96
2,12x6e,95,24,15.833,3.9583,1.8465,1.1,35.698
2,12x6e,95,26,17.153,3.6538,1.3289,0.8,31.129
2,12x6e,95,26,17.153,3.6538,1.495,0.9,33.14
2,12x6e,95,26,17.153,3.6538,1.6611,1,35.027
2,12x6e,95,26,17.153,3.6538,1.8272,1.1,36.818
4,9x45e,95,14,9.2361,6.7857,1.4092,0.8,23.837
4,9x45e,95,14,9.2361,6.7857,1.5854,0.9,25.412
4,9x45e,95,14,9.2361,6.7857,1.7615,1,26.898
4,9x45e,95,14,9.2361,6.7857,1.9377,1.1,28.309
4,9x45e,95,16,10.556,5.9375,1.3937,0.8,25.377
4,9x45e,95,16,10.556,5.9375,1.5679,0.9,27.043
4,9x45e,95,16,10.556,5.9375,1.7421,1,28.618
4,9x45e,95,16,10.556,5.9375,1.9163,1.1,30.108
4,9x45e,95,18,11.875,5.2778,1.3795,0.8,26.779
4,9x45e,95,18,11.875,5.2778,1.552,0.9,28.537
4,9x45e,95,18,11.875,5.2778,1.7244,1,30.189
4,9x45e,95,18,11.875,5.2778,1.8969,1.1,31.756
4,9x45e,95,20,13.194,4.75,1.3665,0.8,28.064
4,9x45e,95,20,13.194,4.75,1.5373,0.9,29.901
4,9x45e,95,20,13.194,4.75,1.7081,1,31.63
4,9x45e,95,20,13.194,4.75,1.8789,1.1,33.265
4,9x45e,95,22,14.514,4.3182,1.3543,0.8,29.247
4,9x45e,95,22,14.514,4.3182,1.5236,0.9,31.158
4,9x45e,95,22,14.514,4.3182,1.6929,1,32.958
4,9x45e,95,22,14.514,4.3182,1.8622,1.1,34.659
4,9x45e,95,24,15.833,3.9583,1.3429,0.8,30.34
4,9x45e,95,24,15.833,3.9583,1.5108,0.9,32.321
4,9x45e,95,24,15.833,3.9583,1.6787,1,34.182
4,9x45e,95,24,15.833,3.9583,1.8465,1.1,35.948
4,9x45e,95,26,17.153,3.6538,1.3289,0.8,31.304
4,9x45e,95,26,17.153,3.6538,1.495,0.9,33.35
4,9x45e,95,26,17.153,3.6538,1.6611,1,35.27
4,9x45e,95,26,17.153,3.6538,1.8272,1.1,37.091
