case,WTO_max_lb,delta_lb
nominal,31.455,0
k_R 1.20,28.689,-2.7651
t_R 0,33.138,1.6833
t_R 0.5 s,30.307,-1.1472
mu_r 0.03,31.771,0.31689
mu_r 0.06,30.829,-0.6253
CL_g 0.5,31.174,-0.28009
CL_g 1.2,31.01,-0.44505
headwind 5 kt,37.507,6.0527
headwind 8 kt,41.6,10.145
s_avail 90 ft,29.936,-1.5186
CLmax -10%,29.754,-1.7006
thrust x1.00,32.636,1.1814
thrust x0.85,30.041,-1.4135
DA -1000 ft,33.736,2.281
DA 0 ft,32.966,1.5111
DA 1000 ft,32.205,0.7508
DA 1400 ft,31.904,0.44933
DA 2500 ft,31.083,-0.37181
DA 3000 ft,30.713,-0.74122
