span_in,chord_in,S_ft2,n_slots,W_TO,W_empty,W_empty_lo,W_empty_hi,w_wing,w_fuselage,w_tail,w_gear,w_misc,w_propulsion,w_battery,w_avionics
73,14,7.0972,4,30,11.529,9.879,13.179,2.9345,2.5205,0.52981,1.653,0.61102,1.68,0.55,1.05
73,14,7.0972,4,35,11.848,10.134,13.562,2.9901,2.5205,0.52981,1.893,0.63467,1.68,0.55,1.05
73,14,7.0972,5,30,11.865,10.148,13.582,2.9345,2.8427,0.51892,1.653,0.63593,1.68,0.55,1.05
73,14,7.0972,5,35,12.184,10.403,13.965,2.9901,2.8427,0.51892,1.893,0.65958,1.68,0.55,1.05
73,14,7.0972,6,30,12.201,10.417,13.985,2.9345,3.1649,0.50804,1.653,0.66083,1.68,0.55,1.05
73,14,7.0972,6,35,12.521,10.672,14.369,2.9901,3.1649,0.50804,1.893,0.68448,1.68,0.55,1.05
73,16,8.1111,4,30,11.985,10.244,13.726,3.2982,2.5205,0.58819,1.653,0.64479,1.68,0.55,1.05
73,16,8.1111,4,35,12.296,10.493,14.1,3.3469,2.5205,0.58819,1.893,0.66788,1.68,0.55,1.05
73,16,8.1111,5,30,12.321,10.513,14.129,3.2982,2.8427,0.5773,1.653,0.66969,1.68,0.55,1.05
73,16,8.1111,5,35,12.633,10.762,14.503,3.3469,2.8427,0.5773,1.893,0.69279,1.68,0.55,1.05
73,16,8.1111,6,30,12.657,10.782,14.533,3.2982,3.1649,0.56642,1.653,0.6946,1.68,0.55,1.05
73,16,8.1111,6,35,12.969,11.031,14.907,3.3469,3.1649,0.56642,1.893,0.71769,1.68,0.55,1.05
73,18,9.125,4,30,12.47,10.632,14.308,3.6892,2.5205,0.64657,1.653,0.68074,1.68,0.55,1.05
73,18,9.125,4,35,12.776,10.877,14.675,3.7325,2.5205,0.64657,1.893,0.7034,1.68,0.55,1.05
73,18,9.125,5,30,12.806,10.901,14.711,3.6892,2.8427,0.63568,1.653,0.70565,1.68,0.55,1.05
73,18,9.125,5,35,13.112,11.146,15.079,3.7325,2.8427,0.63568,1.893,0.72831,1.68,0.55,1.05
73,18,9.125,6,30,13.142,11.17,15.115,3.6892,3.1649,0.62479,1.653,0.73055,1.68,0.55,1.05
73,18,9.125,6,35,13.448,11.415,15.482,3.7325,3.1649,0.62479,1.893,0.75321,1.68,0.55,1.05
73,20,10.139,4,30,12.982,11.041,14.922,4.1047,2.5205,0.70495,1.653,0.71865,1.68,0.55,1.05
73,20,10.139,4,35,13.283,11.282,15.284,4.1437,2.5205,0.70495,1.893,0.74097,1.68,0.55,1.05
73,20,10.139,5,30,13.318,11.31,15.326,4.1047,2.8427,0.69406,1.653,0.74356,1.68,0.55,1.05
73,20,10.139,5,35,13.619,11.551,15.687,4.1437,2.8427,0.69406,1.893,0.76587,1.68,0.55,1.05
73,20,10.139,6,30,13.654,11.579,15.729,4.1047,3.1649,0.68317,1.653,0.76847,1.68,0.55,1.05
73,20,10.139,6,35,13.956,11.82,16.091,4.1437,3.1649,0.68317,1.893,0.79078,1.68,0.55,1.05
73,22,11.153,4,30,13.518,11.471,15.566,4.543,2.5205,0.76333,1.653,0.75839,1.68,0.55,1.05
73,22,11.153,4,35,13.816,11.709,15.923,4.5784,2.5205,0.76333,1.893,0.78042,1.68,0.55,1.05
73,22,11.153,5,30,13.854,11.74,15.969,4.543,2.8427,0.75244,1.653,0.78329,1.68,0.55,1.05
73,22,11.153,5,35,14.152,11.977,16.326,4.5784,2.8427,0.75244,1.893,0.80532,1.68,0.55,1.05
73,22,11.153,6,30,14.191,12.009,16.373,4.543,3.1649,0.74155,1.653,0.8082,1.68,0.55,1.05
73,22,11.153,6,35,14.488,12.246,16.73,4.5784,3.1649,0.74155,1.893,0.83023,1.68,0.55,1.05
73,24,12.167,4,30,14.078,11.918,16.237,5.0028,2.5205,0.8217,1.653,0.79984,1.68,0.55,1.05
73,24,12.167,4,35,14.372,12.154,16.591,5.0353,2.5205,0.8217,1.893,0.82164,1.68,0.55,1.05
73,24,12.167,5,30,14.414,12.187,16.641,5.0028,2.8427,0.81082,1.653,0.82475,1.68,0.55,1.05
73,24,12.167,5,35,14.708,12.423,16.994,5.0353,2.8427,0.81082,1.893,0.84654,1.68,0.55,1.05
73,24,12.167,6,30,14.75,12.456,17.044,5.0028,3.1649,0.79993,1.653,0.84966,1.68,0.55,1.05
73,24,12.167,6,35,15.045,12.692,17.398,5.0353,3.1649,0.79993,1.893,0.87145,1.68,0.55,1.05
80,14,7.7778,4,30,11.887,10.165,13.608,3.2254,2.5205,0.57014,1.653,0.63752,1.68,0.55,1.05
80,14,7.7778,4,35,12.218,10.43,14.005,3.2923,2.5205,0.57014,1.893,0.66207,1.68,0.55,1.05
80,14,7.7778,5,30,12.223,10.434,14.011,3.2254,2.8427,0.55925,1.653,0.66243,1.68,0.55,1.05
80,14,7.7778,5,35,12.554,10.699,14.409,3.2923,2.8427,0.55925,1.893,0.68697,1.68,0.55,1.05
80,14,7.7778,6,30,12.559,10.703,14.415,3.2254,3.1649,0.54836,1.653,0.68733,1.68,0.55,1.05
80,14,7.7778,6,35,12.89,10.968,14.812,3.2923,3.1649,0.54836,1.893,0.71188,1.68,0.55,1.05
80,16,8.8889,4,30,12.379,10.559,14.198,3.6196,2.5205,0.63156,1.653,0.67397,1.68,0.55,1.05
80,16,8.8889,4,35,12.701,10.817,14.585,3.6781,2.5205,0.63156,1.893,0.69785,1.68,0.55,1.05
80,16,8.8889,5,30,12.715,10.828,14.602,3.6196,2.8427,0.62067,1.653,0.69888,1.68,0.55,1.05
80,16,8.8889,5,35,13.037,11.086,14.989,3.6781,2.8427,0.62067,1.893,0.72275,1.68,0.55,1.05
80,16,8.8889,6,30,13.051,11.097,15.005,3.6196,3.1649,0.60978,1.653,0.72378,1.68,0.55,1.05
80,16,8.8889,6,35,13.373,11.355,15.392,3.6781,3.1649,0.60978,1.893,0.74766,1.68,0.55,1.05
80,18,10,4,30,12.904,10.979,14.829,4.0447,2.5205,0.69298,1.653,0.71289,1.68,0.55,1.05
80,18,10,4,35,13.219,11.232,15.207,4.0967,2.5205,0.69298,1.893,0.73625,1.68,0.55,1.05
80,18,10,5,30,13.24,11.248,15.232,4.0447,2.8427,0.68209,1.653,0.7378,1.68,0.55,1.05
80,18,10,5,35,13.556,11.5,15.611,4.0967,2.8427,0.68209,1.893,0.76116,1.68,0.55,1.05
80,18,10,6,30,13.577,11.517,15.636,4.0447,3.1649,0.6712,1.653,0.7627,1.68,0.55,1.05
80,18,10,6,35,13.892,11.769,16.014,4.0967,3.1649,0.6712,1.893,0.78606,1.68,0.55,1.05
80,20,11.111,4,30,13.459,11.423,15.495,4.4973,2.5205,0.7544,1.653,0.75402,1.68,0.55,1.05
80,20,11.111,4,35,13.769,11.671,15.867,4.5442,2.5205,0.7544,1.893,0.77696,1.68,0.55,1.05
80,20,11.111,5,30,13.795,11.692,15.899,4.4973,2.8427,0.74351,1.653,0.77892,1.68,0.55,1.05
80,20,11.111,5,35,14.105,11.94,16.27,4.5442,2.8427,0.74351,1.893,0.80187,1.68,0.55,1.05
80,20,11.111,6,30,14.132,11.961,16.302,4.4973,3.1649,0.73262,1.653,0.80383,1.68,0.55,1.05
80,20,11.111,6,35,14.441,12.209,16.674,4.5442,3.1649,0.73262,1.893,0.82677,1.68,0.55,1.05
80,22,12.222,4,30,14.042,11.89,16.194,4.9754,2.5205,0.81582,1.653,0.79718,1.68,0.55,1.05
80,22,12.222,4,35,14.347,12.134,16.56,5.018,2.5205,0.81582,1.893,0.81978,1.68,0.55,1.05
80,22,12.222,5,30,14.378,12.159,16.598,4.9754,2.8427,0.80493,1.653,0.82208,1.68,0.55,1.05
80,22,12.222,5,35,14.683,12.403,16.964,5.018,2.8427,0.80493,1.893,0.84468,1.68,0.55,1.05
80,22,12.222,6,30,14.714,12.427,17.001,4.9754,3.1649,0.79404,1.653,0.84699,1.68,0.55,1.05
80,22,12.222,6,35,15.019,12.672,17.367,5.018,3.1649,0.79404,1.893,0.86959,1.68,0.55,1.05
80,24,13.333,4,30,14.65,12.376,16.925,5.4775,2.5205,0.87724,1.653,0.84226,1.68,0.55,1.05
80,24,13.333,4,35,14.952,12.617,17.286,5.5165,2.5205,0.87724,1.893,0.86457,1.68,0.55,1.05
80,24,13.333,5,30,14.987,12.645,17.328,5.4775,2.8427,0.86635,1.653,0.86716,1.68,0.55,1.05
80,24,13.333,5,35,15.288,12.886,17.69,5.5165,2.8427,0.86635,1.893,0.88948,1.68,0.55,1.05
80,24,13.333,6,30,15.323,12.914,17.732,5.4775,3.1649,0.85546,1.653,0.89207,1.68,0.55,1.05
80,24,13.333,6,35,15.624,13.155,18.093,5.5165,3.1649,0.85546,1.893,0.91439,1.68,0.55,1.05
86,14,8.3611,4,30,12.2,10.416,13.984,3.4796,2.5205,0.60609,1.653,0.66074,1.68,0.55,1.05
86,14,8.3611,4,35,12.543,10.69,14.395,3.5569,2.5205,0.60609,1.893,0.68612,1.68,0.55,1.05
86,14,8.3611,5,30,12.536,10.685,14.387,3.4796,2.8427,0.5952,1.653,0.68564,1.68,0.55,1.05
86,14,8.3611,5,35,12.879,10.959,14.799,3.5569,2.8427,0.5952,1.893,0.71102,1.68,0.55,1.05
86,14,8.3611,6,30,12.872,10.954,14.791,3.4796,3.1649,0.58431,1.653,0.71055,1.68,0.55,1.05
86,14,8.3611,6,35,13.215,11.228,15.202,3.5569,3.1649,0.58431,1.893,0.73593,1.68,0.55,1.05
86,16,9.5556,4,30,12.722,10.834,14.611,3.8994,2.5205,0.67011,1.653,0.69944,1.68,0.55,1.05
86,16,9.5556,4,35,13.055,11.1,15.01,3.967,2.5205,0.67011,1.893,0.72404,1.68,0.55,1.05
86,16,9.5556,5,30,13.059,11.103,15.014,3.8994,2.8427,0.65923,1.653,0.72434,1.68,0.55,1.05
86,16,9.5556,5,35,13.391,11.369,15.413,3.967,2.8427,0.65923,1.893,0.74895,1.68,0.55,1.05
86,16,9.5556,6,30,13.395,11.372,15.418,3.8994,3.1649,0.64834,1.653,0.74925,1.68,0.55,1.05
86,16,9.5556,6,35,13.727,11.638,15.816,3.967,3.1649,0.64834,1.893,0.77386,1.68,0.55,1.05
86,18,10.75,4,30,13.282,11.281,15.282,4.3532,2.5205,0.73414,1.653,0.74087,1.68,0.55,1.05
86,18,10.75,4,35,13.606,11.541,15.671,4.4133,2.5205,0.73414,1.893,0.76487,1.68,0.55,1.05
86,18,10.75,5,30,13.618,11.55,15.686,4.3532,2.8427,0.72326,1.653,0.76577,1.68,0.55,1.05
86,18,10.75,5,35,13.942,11.81,16.074,4.4133,2.8427,0.72326,1.893,0.78978,1.68,0.55,1.05
86,18,10.75,6,30,13.954,11.819,16.089,4.3532,3.1649,0.71237,1.653,0.79068,1.68,0.55,1.05
86,18,10.75,6,35,14.278,12.079,16.478,4.4133,3.1649,0.71237,1.893,0.81468,1.68,0.55,1.05
86,20,11.944,4,30,13.874,11.755,15.992,4.8373,2.5205,0.79817,1.653,0.78472,1.68,0.55,1.05
86,20,11.944,4,35,14.191,12.009,16.373,4.8914,2.5205,0.79817,1.893,0.80824,1.68,0.55,1.05
86,20,11.944,5,30,14.21,12.024,16.396,4.8373,2.8427,0.78728,1.653,0.80962,1.68,0.55,1.05
86,20,11.944,5,35,14.527,12.278,16.777,4.8914,2.8427,0.78728,1.893,0.83315,1.68,0.55,1.05
86,20,11.944,6,30,14.546,12.293,16.799,4.8373,3.1649,0.7764,1.653,0.83453,1.68,0.55,1.05
86,20,11.944,6,35,14.864,12.547,17.18,4.8914,3.1649,0.7764,1.893,0.85805,1.68,0.55,1.05
86,22,13.139,4,30,14.496,12.253,16.739,5.3492,2.5205,0.8622,1.653,0.83079,1.68,0.55,1.05
86,22,13.139,4,35,14.808,12.502,17.113,5.3983,2.5205,0.8622,1.893,0.85392,1.68,0.55,1.05
86,22,13.139,5,30,14.832,12.521,17.142,5.3492,2.8427,0.85131,1.653,0.85569,1.68,0.55,1.05
86,22,13.139,5,35,15.144,12.771,17.517,5.3983,2.8427,0.85131,1.893,0.87882,1.68,0.55,1.05
86,22,13.139,6,30,15.168,12.79,17.546,5.3492,3.1649,0.84042,1.653,0.8806,1.68,0.55,1.05
86,22,13.139,6,35,15.48,13.04,17.92,5.3983,3.1649,0.84042,1.893,0.90373,1.68,0.55,1.05
86,24,14.333,4,30,15.146,12.773,17.519,5.8872,2.5205,0.92622,1.653,0.87895,1.68,0.55,1.05
86,24,14.333,4,35,15.454,13.019,17.888,5.9323,2.5205,0.92622,1.893,0.90175,1.68,0.55,1.05
86,24,14.333,5,30,15.482,13.042,17.922,5.8872,2.8427,0.91534,1.653,0.90386,1.68,0.55,1.05
86,24,14.333,5,35,15.79,13.288,18.292,5.9323,2.8427,0.91534,1.893,0.92666,1.68,0.55,1.05
86,24,14.333,6,30,15.818,13.311,18.326,5.8872,3.1649,0.90445,1.653,0.92876,1.68,0.55,1.05
86,24,14.333,6,35,16.126,13.557,18.695,5.9323,3.1649,0.90445,1.893,0.95157,1.68,0.55,1.05
90,14,8.75,4,30,12.412,10.586,14.239,3.6517,2.5205,0.63077,1.653,0.67647,1.68,0.55,1.05
90,14,8.75,4,35,12.763,10.866,14.66,3.7363,2.5205,0.63077,1.893,0.70244,1.68,0.55,1.05
90,14,8.75,5,30,12.749,10.855,14.642,3.6517,2.8427,0.61988,1.653,0.70138,1.68,0.55,1.05
90,14,8.75,5,35,13.099,11.135,15.063,3.7363,2.8427,0.61988,1.893,0.72735,1.68,0.55,1.05
90,14,8.75,6,30,13.085,11.124,15.046,3.6517,3.1649,0.60899,1.653,0.72629,1.68,0.55,1.05
90,14,8.75,6,35,13.435,11.404,15.467,3.7363,3.1649,0.60899,1.893,0.75225,1.68,0.55,1.05
90,16,10,4,30,12.955,11.02,14.89,4.0881,2.5205,0.69653,1.653,0.71665,1.68,0.55,1.05
90,16,10,4,35,13.294,11.291,15.297,4.1621,2.5205,0.69653,1.893,0.74177,1.68,0.55,1.05
90,16,10,5,30,13.291,11.289,15.293,4.0881,2.8427,0.68564,1.653,0.74156,1.68,0.55,1.05
90,16,10,5,35,13.63,11.56,15.7,4.1621,2.8427,0.68564,1.893,0.76668,1.68,0.55,1.05
90,16,10,6,30,13.627,11.558,15.697,4.0881,3.1649,0.67476,1.653,0.76646,1.68,0.55,1.05
90,16,10,6,35,13.966,11.829,16.104,4.1621,3.1649,0.67476,1.893,0.79158,1.68,0.55,1.05
90,18,11.25,4,30,13.536,11.485,15.588,4.5608,2.5205,0.7623,1.653,0.75973,1.68,0.55,1.05
90,18,11.25,4,35,13.867,11.749,15.984,4.6267,2.5205,0.7623,1.893,0.78419,1.68,0.55,1.05
90,18,11.25,5,30,13.873,11.754,15.991,4.5608,2.8427,0.75141,1.653,0.78464,1.68,0.55,1.05
90,18,11.25,5,35,14.203,12.018,16.387,4.6267,2.8427,0.75141,1.893,0.8091,1.68,0.55,1.05
90,18,11.25,6,30,14.209,12.023,16.395,4.5608,3.1649,0.74052,1.653,0.80954,1.68,0.55,1.05
90,18,11.25,6,35,14.539,12.287,16.791,4.6267,3.1649,0.74052,1.893,0.834,1.68,0.55,1.05
90,20,12.5,4,30,14.153,11.978,16.327,5.0657,2.5205,0.82806,1.653,0.80538,1.68,0.55,1.05
90,20,12.5,4,35,14.476,12.237,16.715,5.1249,2.5205,0.82806,1.893,0.82931,1.68,0.55,1.05
90,20,12.5,5,30,14.489,12.247,16.731,5.0657,2.8427,0.81717,1.653,0.83028,1.68,0.55,1.05
90,20,12.5,5,35,14.812,12.506,17.118,5.1249,2.8427,0.81717,1.893,0.85422,1.68,0.55,1.05
90,20,12.5,6,30,14.825,12.516,17.134,5.0657,3.1649,0.80629,1.653,0.85519,1.68,0.55,1.05
90,20,12.5,6,35,15.148,12.775,17.522,5.1249,3.1649,0.80629,1.893,0.87913,1.68,0.55,1.05
90,22,13.75,4,30,14.801,12.496,17.105,5.5999,2.5205,0.89383,1.653,0.85338,1.68,0.55,1.05
90,22,13.75,4,35,15.118,12.75,17.486,5.6538,2.5205,0.89383,1.893,0.87688,1.68,0.55,1.05
90,22,13.75,5,30,15.137,12.765,17.508,5.5999,2.8427,0.88294,1.653,0.87829,1.68,0.55,1.05
90,22,13.75,5,35,15.454,13.019,17.889,5.6538,2.8427,0.88294,1.893,0.90179,1.68,0.55,1.05
90,22,13.75,6,30,15.473,13.034,17.912,5.5999,3.1649,0.87205,1.653,0.90319,1.68,0.55,1.05
90,22,13.75,6,35,15.79,13.288,18.292,5.6538,3.1649,0.87205,1.893,0.9267,1.68,0.55,1.05
90,24,15,4,30,15.478,13.039,17.918,6.1618,2.5205,0.95959,1.653,0.90359,1.68,0.55,1.05
90,24,15,4,35,15.791,13.289,18.293,6.2111,2.5205,0.95959,1.893,0.92673,1.68,0.55,1.05
90,24,15,5,30,15.815,13.308,18.322,6.1618,2.8427,0.9487,1.653,0.92849,1.68,0.55,1.05
90,24,15,5,35,16.127,13.558,18.697,6.2111,2.8427,0.9487,1.893,0.95164,1.68,0.55,1.05
90,24,15,6,30,16.151,13.577,18.725,6.1618,3.1649,0.93782,1.653,0.9534,1.68,0.55,1.05
90,24,15,6,35,16.463,13.827,19.1,6.2111,3.1649,0.93782,1.893,0.97655,1.68,0.55,1.05
95,14,9.2361,4,30,12.682,10.801,14.562,3.8695,2.5205,0.66241,1.653,0.69643,1.68,0.55,1.05
95,14,9.2361,4,35,13.043,11.09,14.995,3.9638,2.5205,0.66241,1.893,0.72317,1.68,0.55,1.05
95,14,9.2361,5,30,13.018,11.07,14.966,3.8695,2.8427,0.65153,1.653,0.72134,1.68,0.55,1.05
95,14,9.2361,5,35,13.379,11.359,15.399,3.9638,2.8427,0.65153,1.893,0.74808,1.68,0.55,1.05
95,14,9.2361,6,30,13.354,11.339,15.369,3.8695,3.1649,0.64064,1.653,0.74624,1.68,0.55,1.05
95,14,9.2361,6,35,13.715,11.628,15.802,3.9638,3.1649,0.64064,1.893,0.77299,1.68,0.55,1.05
95,16,10.556,4,30,13.249,11.255,15.242,4.3264,2.5205,0.73035,1.653,0.73842,1.68,0.55,1.05
95,16,10.556,4,35,13.597,11.534,15.66,4.409,2.5205,0.73035,1.893,0.76422,1.68,0.55,1.05
95,16,10.556,5,30,13.585,11.524,15.646,4.3264,2.8427,0.71947,1.653,0.76333,1.68,0.55,1.05
95,16,10.556,5,35,13.933,11.803,16.064,4.409,2.8427,0.71947,1.893,0.78913,1.68,0.55,1.05
95,16,10.556,6,30,13.921,11.793,16.049,4.3264,3.1649,0.70858,1.653,0.78824,1.68,0.55,1.05
95,16,10.556,6,35,14.269,12.072,16.467,4.409,3.1649,0.70858,1.893,0.81403,1.68,0.55,1.05
95,18,11.875,4,30,13.858,11.742,15.973,4.8226,2.5205,0.79829,1.653,0.78355,1.68,0.55,1.05
95,18,11.875,4,35,14.196,12.013,16.38,4.8959,2.5205,0.79829,1.893,0.80861,1.68,0.55,1.05
95,18,11.875,5,30,14.194,12.011,16.377,4.8226,2.8427,0.7874,1.653,0.80845,1.68,0.55,1.05
95,18,11.875,5,35,14.532,12.282,16.783,4.8959,2.8427,0.7874,1.893,0.83352,1.68,0.55,1.05
95,18,11.875,6,30,14.53,12.28,16.78,4.8226,3.1649,0.77652,1.653,0.83336,1.68,0.55,1.05
95,18,11.875,6,35,14.869,12.551,17.186,4.8959,3.1649,0.77652,1.893,0.85842,1.68,0.55,1.05
95,20,13.194,4,30,14.504,12.259,16.749,5.3531,2.5205,0.86623,1.653,0.83143,1.68,0.55,1.05
95,20,13.194,4,35,14.835,12.524,17.146,5.4192,2.5205,0.86623,1.893,0.85591,1.68,0.55,1.05
95,20,13.194,5,30,14.841,12.528,17.153,5.3531,2.8427,0.85534,1.653,0.85633,1.68,0.55,1.05
95,20,13.194,5,35,15.171,12.793,17.549,5.4192,2.8427,0.85534,1.893,0.88081,1.68,0.55,1.05
95,20,13.194,6,30,15.177,12.797,17.556,5.3531,3.1649,0.84445,1.653,0.88124,1.68,0.55,1.05
95,20,13.194,6,35,15.507,13.062,17.953,5.4192,3.1649,0.84445,1.893,0.90572,1.68,0.55,1.05
95,22,14.514,4,30,15.185,12.804,17.566,5.9152,2.5205,0.93416,1.653,0.88183,1.68,0.55,1.05
95,22,14.514,4,35,15.509,13.063,17.954,5.9752,2.5205,0.93416,1.893,0.90582,1.68,0.55,1.05
95,22,14.514,5,30,15.521,13.073,17.969,5.9152,2.8427,0.92328,1.653,0.90673,1.68,0.55,1.05
95,22,14.514,5,35,15.845,13.332,18.358,5.9752,2.8427,0.92328,1.893,0.93073,1.68,0.55,1.05
95,22,14.514,6,30,15.857,13.342,18.373,5.9152,3.1649,0.91239,1.653,0.93164,1.68,0.55,1.05
95,22,14.514,6,35,16.181,13.601,18.761,5.9752,3.1649,0.91239,1.893,0.95563,1.68,0.55,1.05
95,24,15.833,4,30,15.897,13.373,18.42,6.5066,2.5205,1.0021,1.653,0.93458,1.68,0.55,1.05
95,24,15.833,4,35,16.215,13.628,18.802,6.5617,2.5205,1.0021,1.893,0.95818,1.68,0.55,1.05
95,24,15.833,5,30,16.233,13.642,18.824,6.5066,2.8427,0.99122,1.653,0.95949,1.68,0.55,1.05
95,24,15.833,5,35,16.552,13.897,19.206,6.5617,2.8427,0.99122,1.893,0.98308,1.68,0.55,1.05
95,24,15.833,6,30,16.569,13.911,19.227,6.5066,3.1649,0.98033,1.653,0.98439,1.68,0.55,1.05
95,24,15.833,6,35,16.888,14.166,19.609,6.5617,3.1649,0.98033,1.893,1.008,1.68,0.55,1.05
